orgao,ano,mes,procinfo.cmd,status
tjrr,2019,9,"docker run -i -v consolida_bkp_tjrr_2019:/home/danielfireman/repos/dadosjusbr/cnj-exec/tjrr_2019/output --rm --env YEAR=""2019"" --env COURT=""TJRR"" --env AID=""TJRR"" --env DOWNLOAD_TIMEOUT=""20s"" --env TIME_BETWEEN_STEPS=""15s"" --env GENERAL_TIMEOUT=""8m"" --env OUTPUT_FOLDER=""/home/danielfireman/repos/dadosjusbr/cnj-exec/tjrr_2019/output"" --env MONTH=""09"" ghcr.io/dadosjusbr/parser-cnj:main",4
tjpi,2019,4,"docker run -i -v consolida_bkp_tjpi_2019:/home/daniel/repos/dadosjubsr/dadosjusbr-exec/tjpi_2019/output --rm --env DOWNLOAD_TIMEOUT=""20s"" --env TIME_BETWEEN_STEPS=""15s"" --env GENERAL_TIMEOUT=""8m"" --env OUTPUT_FOLDER=""/home/daniel/repos/dadosjubsr/dadosjusbr-exec/tjpi_2019/output"" --env MONTH=""04"" --env YEAR=""2019"" --env COURT=""TJPI"" --env AID=""TJPI"" ghcr.io/dadosjusbr/parser-cnj:main",4
tjpi,2019,5,"docker run -i -v consolida_bkp_tjpi_2019:/home/daniel/repos/dadosjubsr/dadosjusbr-exec/tjpi_2019/output --rm --env GENERAL_TIMEOUT=""8m"" --env OUTPUT_FOLDER=""/home/daniel/repos/dadosjubsr/dadosjusbr-exec/tjpi_2019/output"" --env MONTH=""05"" --env YEAR=""2019"" --env COURT=""TJPI"" --env AID=""TJPI"" --env DOWNLOAD_TIMEOUT=""20s"" --env TIME_BETWEEN_STEPS=""15s"" ghcr.io/dadosjusbr/parser-cnj:main",4
tjpi,2019,6,"docker run -i -v consolida_bkp_tjpi_2019:/home/daniel/repos/dadosjubsr/dadosjusbr-exec/tjpi_2019/output --rm --env OUTPUT_FOLDER=""/home/daniel/repos/dadosjubsr/dadosjusbr-exec/tjpi_2019/output"" --env MONTH=""06"" --env YEAR=""2019"" --env COURT=""TJPI"" --env AID=""TJPI"" --env DOWNLOAD_TIMEOUT=""20s"" --env TIME_BETWEEN_STEPS=""15s"" --env GENERAL_TIMEOUT=""8m"" ghcr.io/dadosjusbr/parser-cnj:main",4
tjpi,2019,7,"docker run -i -v consolida_bkp_tjpi_2019:/home/daniel/repos/dadosjubsr/dadosjusbr-exec/tjpi_2019/output --rm --env AID=""TJPI"" --env DOWNLOAD_TIMEOUT=""20s"" --env TIME_BETWEEN_STEPS=""15s"" --env GENERAL_TIMEOUT=""8m"" --env OUTPUT_FOLDER=""/home/daniel/repos/dadosjubsr/dadosjusbr-exec/tjpi_2019/output"" --env MONTH=""07"" --env YEAR=""2019"" --env COURT=""TJPI"" ghcr.io/dadosjusbr/parser-cnj:main",4
tjpi,2019,8,"docker run -i -v consolida_bkp_tjpi_2019:/home/daniel/repos/dadosjubsr/dadosjusbr-exec/tjpi_2019/output --rm --env OUTPUT_FOLDER=""/home/daniel/repos/dadosjubsr/dadosjusbr-exec/tjpi_2019/output"" --env MONTH=""08"" --env YEAR=""2019"" --env COURT=""TJPI"" --env AID=""TJPI"" --env DOWNLOAD_TIMEOUT=""20s"" --env TIME_BETWEEN_STEPS=""15s"" --env GENERAL_TIMEOUT=""8m"" ghcr.io/dadosjusbr/parser-cnj:main",4
tjpi,2019,9,"docker run -i -v consolida_bkp_tjpi_2019:/home/daniel/repos/dadosjubsr/dadosjusbr-exec/tjpi_2019/output --rm --env TIME_BETWEEN_STEPS=""15s"" --env GENERAL_TIMEOUT=""8m"" --env OUTPUT_FOLDER=""/home/daniel/repos/dadosjubsr/dadosjusbr-exec/tjpi_2019/output"" --env MONTH=""09"" --env YEAR=""2019"" --env COURT=""TJPI"" --env AID=""TJPI"" --env DOWNLOAD_TIMEOUT=""20s"" ghcr.io/dadosjusbr/parser-cnj:main",4
tjpi,2019,10,"docker run -i -v consolida_bkp_tjpi_2019:/home/daniel/repos/dadosjubsr/dadosjusbr-exec/tjpi_2019/output --rm --env TIME_BETWEEN_STEPS=""15s"" --env GENERAL_TIMEOUT=""8m"" --env OUTPUT_FOLDER=""/home/daniel/repos/dadosjubsr/dadosjusbr-exec/tjpi_2019/output"" --env MONTH=""10"" --env YEAR=""2019"" --env COURT=""TJPI"" --env AID=""TJPI"" --env DOWNLOAD_TIMEOUT=""20s"" ghcr.io/dadosjusbr/parser-cnj:main",4
tjpi,2019,11,"docker run -i -v consolida_bkp_tjpi_2019:/home/daniel/repos/dadosjubsr/dadosjusbr-exec/tjpi_2019/output --rm --env OUTPUT_FOLDER=""/home/daniel/repos/dadosjubsr/dadosjusbr-exec/tjpi_2019/output"" --env MONTH=""11"" --env YEAR=""2019"" --env COURT=""TJPI"" --env AID=""TJPI"" --env DOWNLOAD_TIMEOUT=""20s"" --env TIME_BETWEEN_STEPS=""15s"" --env GENERAL_TIMEOUT=""8m"" ghcr.io/dadosjusbr/parser-cnj:main",4
tjpi,2019,12,"docker run -i -v consolida_bkp_tjpi_2019:/home/danielfireman/repos/dadosjusbr/cnj-exec/tjpi_2019/output --rm --env MONTH=""12"" --env YEAR=""2019"" --env COURT=""TJPI"" --env AID=""TJPI"" --env DOWNLOAD_TIMEOUT=""20s"" --env TIME_BETWEEN_STEPS=""15s"" --env GENERAL_TIMEOUT=""8m"" --env OUTPUT_FOLDER=""/home/danielfireman/repos/dadosjusbr/cnj-exec/tjpi_2019/output"" ghcr.io/dadosjusbr/parser-cnj:main",4
tjpi,2020,1,"docker run -i -v consolida_bkp_tjpi_2020:/home/daniel/repos/dadosjubsr/dadosjusbr-exec/tjpi_2020/output --rm --env TIME_BETWEEN_STEPS=""15s"" --env GENERAL_TIMEOUT=""8m"" --env OUTPUT_FOLDER=""/home/daniel/repos/dadosjubsr/dadosjusbr-exec/tjpi_2020/output"" --env MONTH=""01"" --env YEAR=""2020"" --env COURT=""TJPI"" --env AID=""TJPI"" --env DOWNLOAD_TIMEOUT=""20s"" ghcr.io/dadosjusbr/parser-cnj:main",4
tjpi,2020,2,"docker run -i -v consolida_bkp_tjpi_2020:/home/daniel/repos/dadosjubsr/dadosjusbr-exec/tjpi_2020/output --rm --env OUTPUT_FOLDER=""/home/daniel/repos/dadosjubsr/dadosjusbr-exec/tjpi_2020/output"" --env MONTH=""02"" --env YEAR=""2020"" --env COURT=""TJPI"" --env AID=""TJPI"" --env DOWNLOAD_TIMEOUT=""20s"" --env TIME_BETWEEN_STEPS=""15s"" --env GENERAL_TIMEOUT=""8m"" ghcr.io/dadosjusbr/parser-cnj:main",4
tjpi,2020,3,"docker run -i -v consolida_bkp_tjpi_2020:/home/daniel/repos/dadosjubsr/dadosjusbr-exec/tjpi_2020/output --rm --env TIME_BETWEEN_STEPS=""15s"" --env GENERAL_TIMEOUT=""8m"" --env OUTPUT_FOLDER=""/home/daniel/repos/dadosjubsr/dadosjusbr-exec/tjpi_2020/output"" --env MONTH=""03"" --env YEAR=""2020"" --env COURT=""TJPI"" --env AID=""TJPI"" --env DOWNLOAD_TIMEOUT=""20s"" ghcr.io/dadosjusbr/parser-cnj:main",4
tjpi,2020,4,"docker run -i -v consolida_bkp_tjpi_2020:/home/daniel/repos/dadosjubsr/dadosjusbr-exec/tjpi_2020/output --rm --env GENERAL_TIMEOUT=""8m"" --env OUTPUT_FOLDER=""/home/daniel/repos/dadosjubsr/dadosjusbr-exec/tjpi_2020/output"" --env MONTH=""04"" --env YEAR=""2020"" --env COURT=""TJPI"" --env AID=""TJPI"" --env DOWNLOAD_TIMEOUT=""20s"" --env TIME_BETWEEN_STEPS=""15s"" ghcr.io/dadosjusbr/parser-cnj:main",4
tjpi,2020,5,"docker run -i -v consolida_bkp_tjpi_2020:/home/daniel/repos/dadosjubsr/dadosjusbr-exec/tjpi_2020/output --rm --env COURT=""TJPI"" --env AID=""TJPI"" --env DOWNLOAD_TIMEOUT=""20s"" --env TIME_BETWEEN_STEPS=""15s"" --env GENERAL_TIMEOUT=""8m"" --env OUTPUT_FOLDER=""/home/daniel/repos/dadosjubsr/dadosjusbr-exec/tjpi_2020/output"" --env MONTH=""05"" --env YEAR=""2020"" ghcr.io/dadosjusbr/parser-cnj:main",4
tjpi,2020,6,"docker run -i -v consolida_bkp_tjpi_2020:/home/daniel/repos/dadosjubsr/dadosjusbr-exec/tjpi_2020/output --rm --env GENERAL_TIMEOUT=""8m"" --env OUTPUT_FOLDER=""/home/daniel/repos/dadosjubsr/dadosjusbr-exec/tjpi_2020/output"" --env MONTH=""06"" --env YEAR=""2020"" --env COURT=""TJPI"" --env AID=""TJPI"" --env DOWNLOAD_TIMEOUT=""20s"" --env TIME_BETWEEN_STEPS=""15s"" ghcr.io/dadosjusbr/parser-cnj:main",4
tjpi,2020,7,"docker run -i -v consolida_bkp_tjpi_2020:/home/daniel/repos/dadosjubsr/dadosjusbr-exec/tjpi_2020/output --rm --env TIME_BETWEEN_STEPS=""15s"" --env GENERAL_TIMEOUT=""8m"" --env OUTPUT_FOLDER=""/home/daniel/repos/dadosjubsr/dadosjusbr-exec/tjpi_2020/output"" --env MONTH=""07"" --env YEAR=""2020"" --env COURT=""TJPI"" --env AID=""TJPI"" --env DOWNLOAD_TIMEOUT=""20s"" ghcr.io/dadosjusbr/parser-cnj:main",4
tjpi,2020,8,"docker run -i -v consolida_bkp_tjpi_2020:/home/daniel/repos/dadosjubsr/dadosjusbr-exec/tjpi_2020/output --rm --env MONTH=""08"" --env YEAR=""2020"" --env COURT=""TJPI"" --env AID=""TJPI"" --env DOWNLOAD_TIMEOUT=""20s"" --env TIME_BETWEEN_STEPS=""15s"" --env GENERAL_TIMEOUT=""8m"" --env OUTPUT_FOLDER=""/home/daniel/repos/dadosjubsr/dadosjusbr-exec/tjpi_2020/output"" ghcr.io/dadosjusbr/parser-cnj:main",4
tjpi,2020,9,"docker run -i -v consolida_bkp_tjpi_2020:/home/daniel/repos/dadosjubsr/dadosjusbr-exec/tjpi_2020/output --rm --env GENERAL_TIMEOUT=""8m"" --env OUTPUT_FOLDER=""/home/daniel/repos/dadosjubsr/dadosjusbr-exec/tjpi_2020/output"" --env MONTH=""09"" --env YEAR=""2020"" --env COURT=""TJPI"" --env AID=""TJPI"" --env DOWNLOAD_TIMEOUT=""20s"" --env TIME_BETWEEN_STEPS=""15s"" ghcr.io/dadosjusbr/parser-cnj:main",4
tjpi,2020,10,"docker run -i -v consolida_bkp_tjpi_2020:/home/daniel/repos/dadosjubsr/dadosjusbr-exec/tjpi_2020/output --rm --env GENERAL_TIMEOUT=""8m"" --env OUTPUT_FOLDER=""/home/daniel/repos/dadosjubsr/dadosjusbr-exec/tjpi_2020/output"" --env MONTH=""10"" --env YEAR=""2020"" --env COURT=""TJPI"" --env AID=""TJPI"" --env DOWNLOAD_TIMEOUT=""20s"" --env TIME_BETWEEN_STEPS=""15s"" ghcr.io/dadosjusbr/parser-cnj:main",4
tjpi,2020,11,"docker run -i -v consolida_bkp_tjpi_2020:/home/daniel/repos/dadosjubsr/dadosjusbr-exec/tjpi_2020/output --rm --env COURT=""TJPI"" --env AID=""TJPI"" --env DOWNLOAD_TIMEOUT=""20s"" --env TIME_BETWEEN_STEPS=""15s"" --env GENERAL_TIMEOUT=""8m"" --env OUTPUT_FOLDER=""/home/daniel/repos/dadosjubsr/dadosjusbr-exec/tjpi_2020/output"" --env MONTH=""11"" --env YEAR=""2020"" ghcr.io/dadosjusbr/parser-cnj:main",4
NA,2018,1,"docker run -i -v dadosjusbr:/output --rm --env OUTPUT_FOLDER=""/output"" --env MONTH=""01"" --env YEAR=""2018"" --env COURT=""TJPI"" --env GIT_COMMIT=""03e65785f5fea1d3b3fb205154f93f0f1a490da4"" parser-cnj",1
NA,2018,1,"docker run -i -v dadosjusbr:/output --rm --env OUTPUT_FOLDER=""/output"" --env MONTH=""01"" --env YEAR=""2018"" --env COURT=""TJPE"" coletor-cnj",1
NA,2018,1,"docker run -i -v dadosjusbr:/output --rm --env GENERAL_TIMEOUT=""2m"" --env OUTPUT_FOLDER=""/output"" --env MONTH=""01"" --env YEAR=""2018"" --env COURT=""TJPI"" coletor-cnj",1
NA,2018,1,"docker run -i -v dadosjusbr:/output --rm --env OUTPUT_FOLDER=""/output"" --env MONTH=""01"" --env YEAR=""2018"" --env COURT=""TJPI"" coletor-cnj",1
NA,2018,1,"docker run -i -v dadosjusbr:/output --rm --env COURT=""TJPI"" --env OUTPUT_FOLDER=""/output"" --env MONTH=""01"" --env YEAR=""2018"" coletor-cnj",1
NA,2018,1,"docker run -i -v dadosjusbr:/output --rm --env OUTPUT_FOLDER=""/output"" --env MONTH=""01"" --env YEAR=""2018"" --env COURT=""TJPI"" parser-cnj",1
tjpi,2020,12,"docker run -i -v coleta_tjpi_2020:/home/marcos/dadosjus/dadosjusbr-exec/tjpi_2020/output --rm --env YEAR=""2020"" --env COURT=""TJPI"" --env AID=""TJPI"" --env DOWNLOAD_TIMEOUT=""20s"" --env TIME_BETWEEN_STEPS=""15s"" --env GENERAL_TIMEOUT=""8m"" --env OUTPUT_FOLDER=""/home/marcos/dadosjus/dadosjusbr-exec/tjpi_2020/output"" --env MONTH=""12"" ghcr.io/dadosjusbr/parser-cnj:main",4
tjpi,2021,1,"docker run -i -v dadosjusbr:/output --rm --env DOWNLOAD_TIMEOUT=""20s"" --env GIT_COMMIT=""661905a772a017f326ae96c8abba46b68897341f"" --env TIME_BETWEEN_STEPS=""15s"" --env GENERAL_TIMEOUT=""8m"" --env MONTH=""01"" --env YEAR=""2021"" --env OUTPUT_FOLDER=""/output"" --env COURT=""TJPI"" parser-cnj",4
tjpi,2021,2,"docker run -i -v dadosjusbr:/output --rm --env OUTPUT_FOLDER=""/output"" --env MONTH=""02"" --env YEAR=""2021"" --env COURT=""TJPI"" --env DOWNLOAD_TIMEOUT=""20s"" --env TIME_BETWEEN_STEPS=""15s"" --env GENERAL_TIMEOUT=""8m"" --env GIT_COMMIT=""661905a772a017f326ae96c8abba46b68897341f"" parser-cnj",4
tjpi,2021,4,"docker run -i -v tjpi_2021:/home/marcos/dadosjusbr/dadosjusbr-pexec/tjpi_2021/output --rm --env OUTPUT_FOLDER=""/home/marcos/dadosjusbr/dadosjusbr-pexec/tjpi_2021/output"" --env MONTH=""04"" --env YEAR=""2021"" --env COURT=""TJPI"" --env AID=""TJPI"" --env DOWNLOAD_TIMEOUT=""30s"" --env TIME_BETWEEN_STEPS=""30s"" --env GENERAL_TIMEOUT=""10m"" ghcr.io/dadosjusbr/parser-cnj:main",4
tjpi,2021,6,"docker run -i -v dadosjusbr:/output --rm --env DOWNLOAD_TIMEOUT=""20s"" --env TIME_BETWEEN_STEPS=""15s"" --env GENERAL_TIMEOUT=""8m"" --env OUTPUT_FOLDER=""/output"" --env MONTH=""06"" --env GIT_COMMIT=""f54907624087a93d8a88d28e68ef7c6abd273225"" --env YEAR=""2021"" --env COURT=""TJPI"" parser-cnj",4
tjpi,2021,10,"docker run -i -v tjpi_2021:/home/marcos/dadosjusbr/dadosjusbr-pexec/tjpi_2021/output --rm --env AID=""TJPI"" --env MONTH=""10"" --env YEAR=""2021"" --env COURT=""TJPI"" --env OUTPUT_FOLDER=""/home/marcos/dadosjusbr/dadosjusbr-pexec/tjpi_2021/output"" --env GIT_COMMIT=""a707d0aa94b3184818cba0fedfa3b481c1db8887"" --env DOWNLOAD_TIMEOUT=""20s"" --env TIME_BETWEEN_STEPS=""15s"" --env GENERAL_TIMEOUT=""8m"" parser-cnj",4
tjrn,2021,10,"docker run -i -v coleta_tjrn_2021:/home/danielfireman/repos/dadosjusbr/cnj-exec/tjrn_2021/output --rm --env MONTH=""10"" --env YEAR=""2021"" --env COURT=""TJRN"" --env AID=""TJRN"" --env DOWNLOAD_TIMEOUT=""20s"" --env TIME_BETWEEN_STEPS=""15s"" --env GENERAL_TIMEOUT=""8m"" --env OUTPUT_FOLDER=""/home/danielfireman/repos/dadosjusbr/cnj-exec/tjrn_2021/output"" ghcr.io/dadosjusbr/parser-cnj:main",4
tjrn,2021,11,"docker run -i -v coleta_tjrn_2021:/home/danielfireman/repos/dadosjusbr/cnj-exec/tjrn_2021/output --rm --env MONTH=""11"" --env YEAR=""2021"" --env COURT=""TJRN"" --env AID=""TJRN"" --env DOWNLOAD_TIMEOUT=""20s"" --env TIME_BETWEEN_STEPS=""15s"" --env GENERAL_TIMEOUT=""8m"" --env OUTPUT_FOLDER=""/home/danielfireman/repos/dadosjusbr/cnj-exec/tjrn_2021/output"" ghcr.io/dadosjusbr/parser-cnj:main",4
tjpi,2021,3,"docker run -i -v tjpi_2021:/home/marcos/dadosjusbr/dadosjusbr-pexec/tjpi_2021/output --rm --env AID=""TJPI"" --env OUTPUT_FOLDER=""/home/marcos/dadosjusbr/dadosjusbr-pexec/tjpi_2021/output"" --env YEAR=""2021"" --env DOWNLOAD_TIMEOUT=""20s"" --env TIME_BETWEEN_STEPS=""15s"" --env GENERAL_TIMEOUT=""8m"" --env GIT_COMMIT=""a707d0aa94b3184818cba0fedfa3b481c1db8887"" --env MONTH=""03"" --env COURT=""TJPI"" parser-cnj",4
tjpi,2021,5,"docker run -i -v tjpi_2021:/home/marcos/dadosjusbr/dadosjusbr-pexec/tjpi_2021/output --rm --env MONTH=""05"" --env DOWNLOAD_TIMEOUT=""20s"" --env TIME_BETWEEN_STEPS=""15s"" --env GIT_COMMIT=""a707d0aa94b3184818cba0fedfa3b481c1db8887"" --env GENERAL_TIMEOUT=""8m"" --env YEAR=""2021"" --env COURT=""TJPI"" --env AID=""TJPI"" --env OUTPUT_FOLDER=""/home/marcos/dadosjusbr/dadosjusbr-pexec/tjpi_2021/output"" parser-cnj",4
tjpi,2021,7,"docker run -i -v tjpi_2021:/home/marcos/dadosjusbr/dadosjusbr-pexec/tjpi_2021/output --rm --env COURT=""TJPI"" --env AID=""TJPI"" --env DOWNLOAD_TIMEOUT=""30s"" --env TIME_BETWEEN_STEPS=""30s"" --env GENERAL_TIMEOUT=""10m"" --env OUTPUT_FOLDER=""/home/marcos/dadosjusbr/dadosjusbr-pexec/tjpi_2021/output"" --env MONTH=""07"" --env YEAR=""2021"" ghcr.io/dadosjusbr/parser-cnj:main",4
tjpr,2021,11,"docker run -i -v consolida_bkp_tjpr_2021:/home/daniel/repos/dadosjubsr/dadosjusbr-exec/tjpr_2021/output --rm --env OUTPUT_FOLDER=""/home/daniel/repos/dadosjubsr/dadosjusbr-exec/tjpr_2021/output"" --env MONTH=""11"" --env YEAR=""2021"" --env COURT=""TJPR"" --env AID=""TJPR"" --env DOWNLOAD_TIMEOUT=""20s"" --env TIME_BETWEEN_STEPS=""15s"" --env GENERAL_TIMEOUT=""8m"" ghcr.io/dadosjusbr/parser-cnj:main",4
tjpi,2021,11,"docker run -i -v tjpi_2021:/home/marcos/dadosjusbr/dadosjusbr-pexec/tjpi_2021/output --rm --env OUTPUT_FOLDER=""/home/marcos/dadosjusbr/dadosjusbr-pexec/tjpi_2021/output"" --env MONTH=""11"" --env YEAR=""2021"" --env COURT=""TJPI"" --env AID=""TJPI"" --env DOWNLOAD_TIMEOUT=""30s"" --env TIME_BETWEEN_STEPS=""30s"" --env GENERAL_TIMEOUT=""10m"" ghcr.io/dadosjusbr/parser-cnj:main",4
tjse,2020,1,"docker run -i -v coleta_tjse_2020:/home/daniel/repos/dadosjubsr/dadosjusbr-exec/tjse_2020/output --rm --env DOWNLOAD_TIMEOUT=""20s"" --env TIME_BETWEEN_STEPS=""15s"" --env GENERAL_TIMEOUT=""8m"" --env OUTPUT_FOLDER=""/home/daniel/repos/dadosjubsr/dadosjusbr-exec/tjse_2020/output"" --env MONTH=""01"" --env YEAR=""2020"" --env COURT=""TJSE"" --env AID=""TJSE"" ghcr.io/dadosjusbr/parser-cnj:main",4
tjce,2019,10,"docker run -i -v consolida_bkp_tjce_2019:/home/daniel/repos/dadosjubsr/dadosjusbr-exec/tjce_2019/output --rm --env DOWNLOAD_TIMEOUT=""20s"" --env TIME_BETWEEN_STEPS=""15s"" --env GENERAL_TIMEOUT=""8m"" --env OUTPUT_FOLDER=""/home/daniel/repos/dadosjubsr/dadosjusbr-exec/tjce_2019/output"" --env MONTH=""10"" --env YEAR=""2019"" --env COURT=""TJCE"" --env AID=""TJCE"" ghcr.io/dadosjusbr/parser-cnj:main",4
tjce,2019,11,"docker run -i -v consolida_bkp_tjce_2019:/home/daniel/repos/dadosjubsr/dadosjusbr-exec/tjce_2019/output --rm --env GENERAL_TIMEOUT=""8m"" --env OUTPUT_FOLDER=""/home/daniel/repos/dadosjubsr/dadosjusbr-exec/tjce_2019/output"" --env MONTH=""11"" --env YEAR=""2019"" --env COURT=""TJCE"" --env AID=""TJCE"" --env DOWNLOAD_TIMEOUT=""20s"" --env TIME_BETWEEN_STEPS=""15s"" ghcr.io/dadosjusbr/parser-cnj:main",4
tjce,2021,1,"docker run -i -v consolida_bkp_tjce_2021:/home/daniel/repos/dadosjubsr/dadosjusbr-exec/tjce_2021/output --rm --env TIME_BETWEEN_STEPS=""15s"" --env GENERAL_TIMEOUT=""8m"" --env OUTPUT_FOLDER=""/home/daniel/repos/dadosjubsr/dadosjusbr-exec/tjce_2021/output"" --env MONTH=""01"" --env YEAR=""2021"" --env COURT=""TJCE"" --env AID=""TJCE"" --env DOWNLOAD_TIMEOUT=""20s"" ghcr.io/dadosjusbr/parser-cnj:main",4
tjce,2021,2,"docker run -i -v consolida_bkp_tjce_2021:/home/daniel/repos/dadosjubsr/dadosjusbr-exec/tjce_2021/output --rm --env MONTH=""02"" --env YEAR=""2021"" --env COURT=""TJCE"" --env AID=""TJCE"" --env DOWNLOAD_TIMEOUT=""20s"" --env TIME_BETWEEN_STEPS=""15s"" --env GENERAL_TIMEOUT=""8m"" --env OUTPUT_FOLDER=""/home/daniel/repos/dadosjubsr/dadosjusbr-exec/tjce_2021/output"" ghcr.io/dadosjusbr/parser-cnj:main",4
tjce,2021,3,"docker run -i -v consolida_bkp_tjce_2021:/home/daniel/repos/dadosjubsr/dadosjusbr-exec/tjce_2021/output --rm --env MONTH=""03"" --env YEAR=""2021"" --env COURT=""TJCE"" --env AID=""TJCE"" --env DOWNLOAD_TIMEOUT=""20s"" --env TIME_BETWEEN_STEPS=""15s"" --env GENERAL_TIMEOUT=""8m"" --env OUTPUT_FOLDER=""/home/daniel/repos/dadosjubsr/dadosjusbr-exec/tjce_2021/output"" ghcr.io/dadosjusbr/parser-cnj:main",4
tjce,2021,4,"docker run -i -v consolida_bkp_tjce_2021:/home/daniel/repos/dadosjubsr/dadosjusbr-exec/tjce_2021/output --rm --env GENERAL_TIMEOUT=""8m"" --env OUTPUT_FOLDER=""/home/daniel/repos/dadosjubsr/dadosjusbr-exec/tjce_2021/output"" --env MONTH=""04"" --env YEAR=""2021"" --env COURT=""TJCE"" --env AID=""TJCE"" --env DOWNLOAD_TIMEOUT=""20s"" --env TIME_BETWEEN_STEPS=""15s"" ghcr.io/dadosjusbr/parser-cnj:main",4
tjce,2021,5,"docker run -i -v consolida_bkp_tjce_2021:/home/daniel/repos/dadosjubsr/dadosjusbr-exec/tjce_2021/output --rm --env YEAR=""2021"" --env COURT=""TJCE"" --env AID=""TJCE"" --env DOWNLOAD_TIMEOUT=""20s"" --env TIME_BETWEEN_STEPS=""15s"" --env GENERAL_TIMEOUT=""8m"" --env OUTPUT_FOLDER=""/home/daniel/repos/dadosjubsr/dadosjusbr-exec/tjce_2021/output"" --env MONTH=""05"" ghcr.io/dadosjusbr/parser-cnj:main",4
tjce,2021,6,"docker run -i -v consolida_bkp_tjce_2021:/home/daniel/repos/dadosjubsr/dadosjusbr-exec/tjce_2021/output --rm --env GENERAL_TIMEOUT=""8m"" --env OUTPUT_FOLDER=""/home/daniel/repos/dadosjubsr/dadosjusbr-exec/tjce_2021/output"" --env MONTH=""06"" --env YEAR=""2021"" --env COURT=""TJCE"" --env AID=""TJCE"" --env DOWNLOAD_TIMEOUT=""20s"" --env TIME_BETWEEN_STEPS=""15s"" ghcr.io/dadosjusbr/parser-cnj:main",4
tjce,2020,6,"docker run -i -v consolida_bkp_tjce_2020:/home/daniel/repos/dadosjubsr/dadosjusbr-exec/tjce_2020/output --rm --env OUTPUT_FOLDER=""/home/daniel/repos/dadosjubsr/dadosjusbr-exec/tjce_2020/output"" --env MONTH=""06"" --env YEAR=""2020"" --env COURT=""TJCE"" --env AID=""TJCE"" --env DOWNLOAD_TIMEOUT=""20s"" --env TIME_BETWEEN_STEPS=""15s"" --env GENERAL_TIMEOUT=""8m"" ghcr.io/dadosjusbr/parser-cnj:main",4
tjce,2020,7,"docker run -i -v consolida_bkp_tjce_2020:/home/daniel/repos/dadosjubsr/dadosjusbr-exec/tjce_2020/output --rm --env GENERAL_TIMEOUT=""8m"" --env OUTPUT_FOLDER=""/home/daniel/repos/dadosjubsr/dadosjusbr-exec/tjce_2020/output"" --env MONTH=""07"" --env YEAR=""2020"" --env COURT=""TJCE"" --env AID=""TJCE"" --env DOWNLOAD_TIMEOUT=""20s"" --env TIME_BETWEEN_STEPS=""15s"" ghcr.io/dadosjusbr/parser-cnj:main",4
tjce,2021,7,"docker run -i -v consolida_bkp_tjce_2021:/home/daniel/repos/dadosjubsr/dadosjusbr-exec/tjce_2021/output --rm --env GENERAL_TIMEOUT=""8m"" --env OUTPUT_FOLDER=""/home/daniel/repos/dadosjubsr/dadosjusbr-exec/tjce_2021/output"" --env MONTH=""07"" --env YEAR=""2021"" --env COURT=""TJCE"" --env AID=""TJCE"" --env DOWNLOAD_TIMEOUT=""20s"" --env TIME_BETWEEN_STEPS=""15s"" ghcr.io/dadosjusbr/parser-cnj:main",4
tjce,2021,8,"docker run -i -v consolida_bkp_tjce_2021:/home/daniel/repos/dadosjubsr/dadosjusbr-exec/tjce_2021/output --rm --env OUTPUT_FOLDER=""/home/daniel/repos/dadosjubsr/dadosjusbr-exec/tjce_2021/output"" --env MONTH=""08"" --env YEAR=""2021"" --env COURT=""TJCE"" --env AID=""TJCE"" --env DOWNLOAD_TIMEOUT=""20s"" --env TIME_BETWEEN_STEPS=""15s"" --env GENERAL_TIMEOUT=""8m"" ghcr.io/dadosjusbr/parser-cnj:main",4
tjce,2020,8,"docker run -i -v consolida_bkp_tjce_2020:/home/daniel/repos/dadosjubsr/dadosjusbr-exec/tjce_2020/output --rm --env DOWNLOAD_TIMEOUT=""20s"" --env TIME_BETWEEN_STEPS=""15s"" --env GENERAL_TIMEOUT=""8m"" --env OUTPUT_FOLDER=""/home/daniel/repos/dadosjubsr/dadosjusbr-exec/tjce_2020/output"" --env MONTH=""08"" --env YEAR=""2020"" --env COURT=""TJCE"" --env AID=""TJCE"" ghcr.io/dadosjusbr/parser-cnj:main",4
tjce,2020,9,"docker run -i -v consolida_bkp_tjce_2020:/home/daniel/repos/dadosjubsr/dadosjusbr-exec/tjce_2020/output --rm --env OUTPUT_FOLDER=""/home/daniel/repos/dadosjubsr/dadosjusbr-exec/tjce_2020/output"" --env MONTH=""09"" --env YEAR=""2020"" --env COURT=""TJCE"" --env AID=""TJCE"" --env DOWNLOAD_TIMEOUT=""20s"" --env TIME_BETWEEN_STEPS=""15s"" --env GENERAL_TIMEOUT=""8m"" ghcr.io/dadosjusbr/parser-cnj:main",4
tjce,2021,9,"docker run -i -v consolida_bkp_tjce_2021:/home/daniel/repos/dadosjubsr/dadosjusbr-exec/tjce_2021/output --rm --env YEAR=""2021"" --env COURT=""TJCE"" --env AID=""TJCE"" --env DOWNLOAD_TIMEOUT=""20s"" --env TIME_BETWEEN_STEPS=""15s"" --env GENERAL_TIMEOUT=""8m"" --env OUTPUT_FOLDER=""/home/daniel/repos/dadosjubsr/dadosjusbr-exec/tjce_2021/output"" --env MONTH=""09"" ghcr.io/dadosjusbr/parser-cnj:main",4
tjse,2019,7,"docker run -i -v coleta_tjse_2019:/home/daniel/repos/dadosjubsr/dadosjusbr-exec/tjse_2019/output --rm --env TIME_BETWEEN_STEPS=""15s"" --env GENERAL_TIMEOUT=""8m"" --env OUTPUT_FOLDER=""/home/daniel/repos/dadosjubsr/dadosjusbr-exec/tjse_2019/output"" --env MONTH=""07"" --env YEAR=""2019"" --env COURT=""TJSE"" --env AID=""TJSE"" --env DOWNLOAD_TIMEOUT=""20s"" ghcr.io/dadosjusbr/parser-cnj:main",4
tjce,2020,10,"docker run -i -v consolida_bkp_tjce_2020:/home/daniel/repos/dadosjubsr/dadosjusbr-exec/tjce_2020/output --rm --env OUTPUT_FOLDER=""/home/daniel/repos/dadosjubsr/dadosjusbr-exec/tjce_2020/output"" --env MONTH=""10"" --env YEAR=""2020"" --env COURT=""TJCE"" --env AID=""TJCE"" --env DOWNLOAD_TIMEOUT=""20s"" --env TIME_BETWEEN_STEPS=""15s"" --env GENERAL_TIMEOUT=""8m"" ghcr.io/dadosjusbr/parser-cnj:main",4
tjce,2021,10,"docker run -i -v consolida_bkp_tjce_2021:/home/daniel/repos/dadosjubsr/dadosjusbr-exec/tjce_2021/output --rm --env TIME_BETWEEN_STEPS=""15s"" --env GENERAL_TIMEOUT=""8m"" --env OUTPUT_FOLDER=""/home/daniel/repos/dadosjubsr/dadosjusbr-exec/tjce_2021/output"" --env MONTH=""10"" --env YEAR=""2021"" --env COURT=""TJCE"" --env AID=""TJCE"" --env DOWNLOAD_TIMEOUT=""20s"" ghcr.io/dadosjusbr/parser-cnj:main",4
tjce,2020,11,"docker run -i -v consolida_bkp_tjce_2020:/home/daniel/repos/dadosjubsr/dadosjusbr-exec/tjce_2020/output --rm --env OUTPUT_FOLDER=""/home/daniel/repos/dadosjubsr/dadosjusbr-exec/tjce_2020/output"" --env MONTH=""11"" --env YEAR=""2020"" --env COURT=""TJCE"" --env AID=""TJCE"" --env DOWNLOAD_TIMEOUT=""20s"" --env TIME_BETWEEN_STEPS=""15s"" --env GENERAL_TIMEOUT=""8m"" ghcr.io/dadosjusbr/parser-cnj:main",4
tjse,2019,10,"docker run -i -v coleta_tjse_2019:/home/daniel/repos/dadosjubsr/dadosjusbr-exec/tjse_2019/output --rm --env OUTPUT_FOLDER=""/home/daniel/repos/dadosjubsr/dadosjusbr-exec/tjse_2019/output"" --env MONTH=""10"" --env YEAR=""2019"" --env COURT=""TJSE"" --env AID=""TJSE"" --env DOWNLOAD_TIMEOUT=""20s"" --env TIME_BETWEEN_STEPS=""15s"" --env GENERAL_TIMEOUT=""8m"" ghcr.io/dadosjusbr/parser-cnj:main",4
tjse,2019,11,"docker run -i -v coleta_tjse_2019:/home/daniel/repos/dadosjubsr/dadosjusbr-exec/tjse_2019/output --rm --env TIME_BETWEEN_STEPS=""15s"" --env GENERAL_TIMEOUT=""8m"" --env OUTPUT_FOLDER=""/home/daniel/repos/dadosjubsr/dadosjusbr-exec/tjse_2019/output"" --env MONTH=""11"" --env YEAR=""2019"" --env COURT=""TJSE"" --env AID=""TJSE"" --env DOWNLOAD_TIMEOUT=""20s"" ghcr.io/dadosjusbr/parser-cnj:main",4
tjse,2019,12,"docker run -i -v coleta_tjse_2019:/home/daniel/repos/dadosjubsr/dadosjusbr-exec/tjse_2019/output --rm --env COURT=""TJSE"" --env AID=""TJSE"" --env DOWNLOAD_TIMEOUT=""20s"" --env TIME_BETWEEN_STEPS=""15s"" --env GENERAL_TIMEOUT=""8m"" --env OUTPUT_FOLDER=""/home/daniel/repos/dadosjubsr/dadosjusbr-exec/tjse_2019/output"" --env MONTH=""12"" --env YEAR=""2019"" ghcr.io/dadosjusbr/parser-cnj:main",4
tjpi,2021,8,"docker run -i -v tjpi_2021:/home/marcos/dadosjusbr/dadosjusbr-pexec/tjpi_2021/output --rm --env DOWNLOAD_TIMEOUT=""30s"" --env TIME_BETWEEN_STEPS=""30s"" --env GENERAL_TIMEOUT=""10m"" --env OUTPUT_FOLDER=""/home/marcos/dadosjusbr/dadosjusbr-pexec/tjpi_2021/output"" --env MONTH=""08"" --env YEAR=""2021"" --env COURT=""TJPI"" --env AID=""TJPI"" ghcr.io/dadosjusbr/parser-cnj:main",4
tjpi,2021,9,"docker run -i -v tjpi_2021:/home/marcos/dadosjusbr/dadosjusbr-pexec/tjpi_2021/output --rm --env MONTH=""09"" --env OUTPUT_FOLDER=""/home/marcos/dadosjusbr/dadosjusbr-pexec/tjpi_2021/output"" --env YEAR=""2021"" --env GIT_COMMIT=""a707d0aa94b3184818cba0fedfa3b481c1db8887"" --env COURT=""TJPI"" --env AID=""TJPI"" --env DOWNLOAD_TIMEOUT=""30s"" --env TIME_BETWEEN_STEPS=""20s"" --env GENERAL_TIMEOUT=""8m"" parser-cnj",4
tjse,2020,2,"docker run -i -v coleta_tjse_2020:/home/daniel/repos/dadosjubsr/dadosjusbr-exec/tjse_2020/output --rm --env MONTH=""02"" --env YEAR=""2020"" --env COURT=""TJSE"" --env AID=""TJSE"" --env DOWNLOAD_TIMEOUT=""20s"" --env TIME_BETWEEN_STEPS=""15s"" --env GENERAL_TIMEOUT=""8m"" --env OUTPUT_FOLDER=""/home/daniel/repos/dadosjubsr/dadosjusbr-exec/tjse_2020/output"" ghcr.io/dadosjusbr/parser-cnj:main",4
tjrs,2021,7,"docker run -i -v coleta_tjrs_2021:/home/marcos/dadosjus/dadosjusbr-exec/tjrs_2021/output --rm --env TIME_BETWEEN_STEPS=""15s"" --env GENERAL_TIMEOUT=""8m"" --env OUTPUT_FOLDER=""/home/marcos/dadosjus/dadosjusbr-exec/tjrs_2021/output"" --env MONTH=""07"" --env YEAR=""2021"" --env COURT=""TJRS"" --env AID=""TJRS"" --env DOWNLOAD_TIMEOUT=""20s"" ghcr.io/dadosjusbr/parser-cnj:main",4
tjse,2019,8,"docker run -i -v coleta_tjse_2019:/home/daniel/repos/dadosjubsr/dadosjusbr-exec/tjse_2019/output --rm --env TIME_BETWEEN_STEPS=""15s"" --env GENERAL_TIMEOUT=""8m"" --env OUTPUT_FOLDER=""/home/daniel/repos/dadosjubsr/dadosjusbr-exec/tjse_2019/output"" --env MONTH=""08"" --env YEAR=""2019"" --env COURT=""TJSE"" --env AID=""TJSE"" --env DOWNLOAD_TIMEOUT=""20s"" ghcr.io/dadosjusbr/parser-cnj:main",4
tjse,2019,9,"docker run -i -v coleta_tjse_2019:/home/daniel/repos/dadosjubsr/dadosjusbr-exec/tjse_2019/output --rm --env DOWNLOAD_TIMEOUT=""20s"" --env TIME_BETWEEN_STEPS=""15s"" --env GENERAL_TIMEOUT=""8m"" --env OUTPUT_FOLDER=""/home/daniel/repos/dadosjubsr/dadosjusbr-exec/tjse_2019/output"" --env MONTH=""09"" --env YEAR=""2019"" --env COURT=""TJSE"" --env AID=""TJSE"" ghcr.io/dadosjusbr/parser-cnj:main",4
tjba,2020,1,"docker run -i -v consolida_bkp_tjba_2020:/home/daniel/repos/dadosjubsr/dadosjusbr-exec/tjba_2020/output --rm --env GENERAL_TIMEOUT=""8m"" --env OUTPUT_FOLDER=""/home/daniel/repos/dadosjubsr/dadosjusbr-exec/tjba_2020/output"" --env MONTH=""01"" --env YEAR=""2020"" --env COURT=""TJBA"" --env AID=""TJBA"" --env DOWNLOAD_TIMEOUT=""20s"" --env TIME_BETWEEN_STEPS=""15s"" ghcr.io/dadosjusbr/parser-cnj:main",4
tjba,2021,1,"docker run -i -v consolida_bkp_tjba_2021:/home/daniel/repos/dadosjubsr/dadosjusbr-exec/tjba_2021/output --rm --env GENERAL_TIMEOUT=""8m"" --env OUTPUT_FOLDER=""/home/daniel/repos/dadosjubsr/dadosjusbr-exec/tjba_2021/output"" --env MONTH=""01"" --env YEAR=""2021"" --env COURT=""TJBA"" --env AID=""TJBA"" --env DOWNLOAD_TIMEOUT=""20s"" --env TIME_BETWEEN_STEPS=""15s"" ghcr.io/dadosjusbr/parser-cnj:main",4
tjba,2020,2,"docker run -i -v consolida_bkp_tjba_2020:/home/daniel/repos/dadosjubsr/dadosjusbr-exec/tjba_2020/output --rm --env DOWNLOAD_TIMEOUT=""20s"" --env TIME_BETWEEN_STEPS=""15s"" --env GENERAL_TIMEOUT=""8m"" --env OUTPUT_FOLDER=""/home/daniel/repos/dadosjubsr/dadosjusbr-exec/tjba_2020/output"" --env MONTH=""02"" --env YEAR=""2020"" --env COURT=""TJBA"" --env AID=""TJBA"" ghcr.io/dadosjusbr/parser-cnj:main",4
tjba,2021,2,"docker run -i -v consolida_bkp_tjba_2021:/home/daniel/repos/dadosjubsr/dadosjusbr-exec/tjba_2021/output --rm --env GENERAL_TIMEOUT=""8m"" --env OUTPUT_FOLDER=""/home/daniel/repos/dadosjubsr/dadosjusbr-exec/tjba_2021/output"" --env MONTH=""02"" --env YEAR=""2021"" --env COURT=""TJBA"" --env AID=""TJBA"" --env DOWNLOAD_TIMEOUT=""20s"" --env TIME_BETWEEN_STEPS=""15s"" ghcr.io/dadosjusbr/parser-cnj:main",4
tjba,2020,3,"docker run -i -v consolida_bkp_tjba_2020:/home/daniel/repos/dadosjubsr/dadosjusbr-exec/tjba_2020/output --rm --env COURT=""TJBA"" --env AID=""TJBA"" --env DOWNLOAD_TIMEOUT=""20s"" --env TIME_BETWEEN_STEPS=""15s"" --env GENERAL_TIMEOUT=""8m"" --env OUTPUT_FOLDER=""/home/daniel/repos/dadosjubsr/dadosjusbr-exec/tjba_2020/output"" --env MONTH=""03"" --env YEAR=""2020"" ghcr.io/dadosjusbr/parser-cnj:main",4
tjba,2020,4,"docker run -i -v consolida_bkp_tjba_2020:/home/daniel/repos/dadosjubsr/dadosjusbr-exec/tjba_2020/output --rm --env OUTPUT_FOLDER=""/home/daniel/repos/dadosjubsr/dadosjusbr-exec/tjba_2020/output"" --env MONTH=""04"" --env YEAR=""2020"" --env COURT=""TJBA"" --env AID=""TJBA"" --env DOWNLOAD_TIMEOUT=""20s"" --env TIME_BETWEEN_STEPS=""15s"" --env GENERAL_TIMEOUT=""8m"" ghcr.io/dadosjusbr/parser-cnj:main",4
tjba,2020,5,"docker run -i -v consolida_bkp_tjba_2020:/home/daniel/repos/dadosjubsr/dadosjusbr-exec/tjba_2020/output --rm --env DOWNLOAD_TIMEOUT=""20s"" --env TIME_BETWEEN_STEPS=""15s"" --env GENERAL_TIMEOUT=""8m"" --env OUTPUT_FOLDER=""/home/daniel/repos/dadosjubsr/dadosjusbr-exec/tjba_2020/output"" --env MONTH=""05"" --env YEAR=""2020"" --env COURT=""TJBA"" --env AID=""TJBA"" ghcr.io/dadosjusbr/parser-cnj:main",4
tjba,2019,6,"docker run -i -v consolida_bkp_tjba_2019:/home/daniel/repos/dadosjubsr/dadosjusbr-exec/tjba_2019/output --rm --env AID=""TJBA"" --env DOWNLOAD_TIMEOUT=""20s"" --env TIME_BETWEEN_STEPS=""15s"" --env GENERAL_TIMEOUT=""8m"" --env OUTPUT_FOLDER=""/home/daniel/repos/dadosjubsr/dadosjusbr-exec/tjba_2019/output"" --env MONTH=""06"" --env YEAR=""2019"" --env COURT=""TJBA"" ghcr.io/dadosjusbr/parser-cnj:main",4
tjba,2020,6,"docker run -i -v consolida_bkp_tjba_2020:/home/daniel/repos/dadosjubsr/dadosjusbr-exec/tjba_2020/output --rm --env MONTH=""06"" --env YEAR=""2020"" --env COURT=""TJBA"" --env AID=""TJBA"" --env DOWNLOAD_TIMEOUT=""20s"" --env TIME_BETWEEN_STEPS=""15s"" --env GENERAL_TIMEOUT=""8m"" --env OUTPUT_FOLDER=""/home/daniel/repos/dadosjubsr/dadosjusbr-exec/tjba_2020/output"" ghcr.io/dadosjusbr/parser-cnj:main",4
tjba,2020,7,"docker run -i -v consolida_bkp_tjba_2020:/home/daniel/repos/dadosjubsr/dadosjusbr-exec/tjba_2020/output --rm --env OUTPUT_FOLDER=""/home/daniel/repos/dadosjubsr/dadosjusbr-exec/tjba_2020/output"" --env MONTH=""07"" --env YEAR=""2020"" --env COURT=""TJBA"" --env AID=""TJBA"" --env DOWNLOAD_TIMEOUT=""20s"" --env TIME_BETWEEN_STEPS=""15s"" --env GENERAL_TIMEOUT=""8m"" ghcr.io/dadosjusbr/parser-cnj:main",4
tjba,2020,8,"docker run -i -v consolida_bkp_tjba_2020:/home/daniel/repos/dadosjubsr/dadosjusbr-exec/tjba_2020/output --rm --env GENERAL_TIMEOUT=""8m"" --env OUTPUT_FOLDER=""/home/daniel/repos/dadosjubsr/dadosjusbr-exec/tjba_2020/output"" --env MONTH=""08"" --env YEAR=""2020"" --env COURT=""TJBA"" --env AID=""TJBA"" --env DOWNLOAD_TIMEOUT=""20s"" --env TIME_BETWEEN_STEPS=""15s"" ghcr.io/dadosjusbr/parser-cnj:main",4
tjba,2020,9,"docker run -i -v consolida_bkp_tjba_2020:/home/daniel/repos/dadosjubsr/dadosjusbr-exec/tjba_2020/output --rm --env OUTPUT_FOLDER=""/home/daniel/repos/dadosjubsr/dadosjusbr-exec/tjba_2020/output"" --env MONTH=""09"" --env YEAR=""2020"" --env COURT=""TJBA"" --env AID=""TJBA"" --env DOWNLOAD_TIMEOUT=""20s"" --env TIME_BETWEEN_STEPS=""15s"" --env GENERAL_TIMEOUT=""8m"" ghcr.io/dadosjusbr/parser-cnj:main",4
tjba,2019,9,"docker run -i -v consolida_bkp_tjba_2019:/home/daniel/repos/dadosjubsr/dadosjusbr-exec/tjba_2019/output --rm --env COURT=""TJBA"" --env AID=""TJBA"" --env DOWNLOAD_TIMEOUT=""20s"" --env TIME_BETWEEN_STEPS=""15s"" --env GENERAL_TIMEOUT=""8m"" --env OUTPUT_FOLDER=""/home/daniel/repos/dadosjubsr/dadosjusbr-exec/tjba_2019/output"" --env MONTH=""09"" --env YEAR=""2019"" ghcr.io/dadosjusbr/parser-cnj:main",4
tjba,2019,10,"docker run -i -v consolida_bkp_tjba_2019:/home/daniel/repos/dadosjubsr/dadosjusbr-exec/tjba_2019/output --rm --env OUTPUT_FOLDER=""/home/daniel/repos/dadosjubsr/dadosjusbr-exec/tjba_2019/output"" --env MONTH=""10"" --env YEAR=""2019"" --env COURT=""TJBA"" --env AID=""TJBA"" --env DOWNLOAD_TIMEOUT=""20s"" --env TIME_BETWEEN_STEPS=""15s"" --env GENERAL_TIMEOUT=""8m"" ghcr.io/dadosjusbr/parser-cnj:main",4
tjba,2020,10,"docker run -i -v consolida_bkp_tjba_2020:/home/daniel/repos/dadosjubsr/dadosjusbr-exec/tjba_2020/output --rm --env MONTH=""10"" --env YEAR=""2020"" --env COURT=""TJBA"" --env AID=""TJBA"" --env DOWNLOAD_TIMEOUT=""20s"" --env TIME_BETWEEN_STEPS=""15s"" --env GENERAL_TIMEOUT=""8m"" --env OUTPUT_FOLDER=""/home/daniel/repos/dadosjubsr/dadosjusbr-exec/tjba_2020/output"" ghcr.io/dadosjusbr/parser-cnj:main",4
tjba,2020,11,"docker run -i -v consolida_bkp_tjba_2020:/home/daniel/repos/dadosjubsr/dadosjusbr-exec/tjba_2020/output --rm --env COURT=""TJBA"" --env AID=""TJBA"" --env DOWNLOAD_TIMEOUT=""20s"" --env TIME_BETWEEN_STEPS=""15s"" --env GENERAL_TIMEOUT=""8m"" --env OUTPUT_FOLDER=""/home/daniel/repos/dadosjubsr/dadosjusbr-exec/tjba_2020/output"" --env MONTH=""11"" --env YEAR=""2020"" ghcr.io/dadosjusbr/parser-cnj:main",4
tjba,2019,11,"docker run -i -v consolida_bkp_tjba_2019:/home/daniel/repos/dadosjubsr/dadosjusbr-exec/tjba_2019/output --rm --env AID=""TJBA"" --env DOWNLOAD_TIMEOUT=""20s"" --env TIME_BETWEEN_STEPS=""15s"" --env GENERAL_TIMEOUT=""8m"" --env OUTPUT_FOLDER=""/home/daniel/repos/dadosjubsr/dadosjusbr-exec/tjba_2019/output"" --env MONTH=""11"" --env YEAR=""2019"" --env COURT=""TJBA"" ghcr.io/dadosjusbr/parser-cnj:main",4
tjal,2021,8,"docker run -i -v consolida_bkp_tjal_2021:/home/daniel/repos/dadosjubsr/dadosjusbr-exec/tjal_2021/output --rm --env DOWNLOAD_TIMEOUT=""20s"" --env TIME_BETWEEN_STEPS=""15s"" --env GENERAL_TIMEOUT=""8m"" --env OUTPUT_FOLDER=""/home/daniel/repos/dadosjubsr/dadosjusbr-exec/tjal_2021/output"" --env MONTH=""08"" --env YEAR=""2021"" --env COURT=""TJAL"" --env AID=""TJAL"" ghcr.io/dadosjusbr/parser-cnj:main",4
NA,2018,1,"docker run -i -v dadosjusbr:/output --rm --env MONTH=""01"" --env YEAR=""2018"" --env DOWNLOAD_TIMEOUT=""30s"" --env TIME_BETWEEN_STEPS=""30s"" --env GENERAL_TIMEOUT=""10m"" validador",4
NA,2018,2,"docker run -i -v dadosjusbr:/output --rm --env DOWNLOAD_TIMEOUT=""30s"" --env TIME_BETWEEN_STEPS=""30s"" --env GENERAL_TIMEOUT=""10m"" --env MONTH=""02"" --env YEAR=""2018"" validador",4
NA,2018,1,"docker run -i -v dadosjusbr:/output --rm --env YEAR=""2018"" --env DOWNLOAD_TIMEOUT=""30s"" --env TIME_BETWEEN_STEPS=""30s"" --env GENERAL_TIMEOUT=""10m"" --env MONTH=""01"" validador",4
NA,2018,1,"docker run -i -v dadosjusbr:/output --rm --env TIME_BETWEEN_STEPS=""30s"" --env GENERAL_TIMEOUT=""10m"" --env MONTH=""01"" --env YEAR=""2018"" --env DOWNLOAD_TIMEOUT=""30s"" empacotador",2
NA,2018,1,"docker run -i -v dadosjusbr:/output --rm --env DOWNLOAD_TIMEOUT=""30s"" --env TIME_BETWEEN_STEPS=""30s"" --env GENERAL_TIMEOUT=""10m"" --env MONTH=""1"" --env YEAR=""2018"" empacotador",2
NA,2018,2,"docker run -i -v dadosjusbr:/output --rm --env TIME_BETWEEN_STEPS=""30s"" --env GENERAL_TIMEOUT=""10m"" --env MONTH=""2"" --env YEAR=""2018"" --env DOWNLOAD_TIMEOUT=""30s"" empacotador",2
NA,2020,1,"docker run -i -v dadosjusbr:/output --rm --env MONTH=""01"" --env YEAR=""2020"" --env DOWNLOAD_TIMEOUT=""30s"" --env TIME_BETWEEN_STEPS=""30s"" --env GENERAL_TIMEOUT=""10m"" empacotador",2
tjce,2021,11,"docker run -i -v coleta_tjce_2021:/home/marcos/dadosjus/dadosjusbr-exec/tjce_2021/output --rm --env AID=""TJCE"" --env DOWNLOAD_TIMEOUT=""20s"" --env TIME_BETWEEN_STEPS=""15s"" --env GENERAL_TIMEOUT=""8m"" --env OUTPUT_FOLDER=""/home/marcos/dadosjus/dadosjusbr-exec/tjce_2021/output"" --env MONTH=""11"" --env YEAR=""2021"" --env COURT=""TJCE"" ghcr.io/dadosjusbr/parser-cnj:main",4
tjce,2021,12,"docker run -i -v coleta_tjce_2021:/home/marcos/dadosjus/dadosjusbr-exec/tjce_2021/output --rm --env MONTH=""12"" --env YEAR=""2021"" --env COURT=""TJCE"" --env AID=""TJCE"" --env DOWNLOAD_TIMEOUT=""20s"" --env TIME_BETWEEN_STEPS=""15s"" --env GENERAL_TIMEOUT=""8m"" --env OUTPUT_FOLDER=""/home/marcos/dadosjus/dadosjusbr-exec/tjce_2021/output"" ghcr.io/dadosjusbr/parser-cnj:main",4
tjmg,2019,6,"docker run -i -v consolida_bkp_tjmg_2019:/home/daniel/repos/dadosjubsr/dadosjusbr-exec/tjmg_2019/output --rm --env MONTH=""06"" --env YEAR=""2019"" --env COURT=""TJMG"" --env AID=""TJMG"" --env DOWNLOAD_TIMEOUT=""20s"" --env TIME_BETWEEN_STEPS=""15s"" --env GENERAL_TIMEOUT=""8m"" --env OUTPUT_FOLDER=""/home/daniel/repos/dadosjubsr/dadosjusbr-exec/tjmg_2019/output"" ghcr.io/dadosjusbr/parser-cnj:main",4
tjmg,2019,7,"docker run -i -v consolida_bkp_tjmg_2019:/home/daniel/repos/dadosjubsr/dadosjusbr-exec/tjmg_2019/output --rm --env YEAR=""2019"" --env COURT=""TJMG"" --env AID=""TJMG"" --env DOWNLOAD_TIMEOUT=""20s"" --env TIME_BETWEEN_STEPS=""15s"" --env GENERAL_TIMEOUT=""8m"" --env OUTPUT_FOLDER=""/home/daniel/repos/dadosjubsr/dadosjusbr-exec/tjmg_2019/output"" --env MONTH=""07"" ghcr.io/dadosjusbr/parser-cnj:main",4
tjmg,2019,8,"docker run -i -v consolida_bkp_tjmg_2019:/home/daniel/repos/dadosjubsr/dadosjusbr-exec/tjmg_2019/output --rm --env MONTH=""08"" --env YEAR=""2019"" --env COURT=""TJMG"" --env AID=""TJMG"" --env DOWNLOAD_TIMEOUT=""20s"" --env TIME_BETWEEN_STEPS=""15s"" --env GENERAL_TIMEOUT=""8m"" --env OUTPUT_FOLDER=""/home/daniel/repos/dadosjubsr/dadosjusbr-exec/tjmg_2019/output"" ghcr.io/dadosjusbr/parser-cnj:main",4
tjmg,2019,9,"docker run -i -v consolida_bkp_tjmg_2019:/home/daniel/repos/dadosjubsr/dadosjusbr-exec/tjmg_2019/output --rm --env YEAR=""2019"" --env COURT=""TJMG"" --env AID=""TJMG"" --env DOWNLOAD_TIMEOUT=""20s"" --env TIME_BETWEEN_STEPS=""15s"" --env GENERAL_TIMEOUT=""8m"" --env OUTPUT_FOLDER=""/home/daniel/repos/dadosjubsr/dadosjusbr-exec/tjmg_2019/output"" --env MONTH=""09"" ghcr.io/dadosjusbr/parser-cnj:main",4
tjmg,2019,10,"docker run -i -v consolida_bkp_tjmg_2019:/home/daniel/repos/dadosjubsr/dadosjusbr-exec/tjmg_2019/output --rm --env COURT=""TJMG"" --env AID=""TJMG"" --env DOWNLOAD_TIMEOUT=""20s"" --env TIME_BETWEEN_STEPS=""15s"" --env GENERAL_TIMEOUT=""8m"" --env OUTPUT_FOLDER=""/home/daniel/repos/dadosjubsr/dadosjusbr-exec/tjmg_2019/output"" --env MONTH=""10"" --env YEAR=""2019"" ghcr.io/dadosjusbr/parser-cnj:main",4
tjmg,2019,11,"docker run -i -v consolida_bkp_tjmg_2019:/home/daniel/repos/dadosjubsr/dadosjusbr-exec/tjmg_2019/output --rm --env GENERAL_TIMEOUT=""8m"" --env OUTPUT_FOLDER=""/home/daniel/repos/dadosjubsr/dadosjusbr-exec/tjmg_2019/output"" --env MONTH=""11"" --env YEAR=""2019"" --env COURT=""TJMG"" --env AID=""TJMG"" --env DOWNLOAD_TIMEOUT=""20s"" --env TIME_BETWEEN_STEPS=""15s"" ghcr.io/dadosjusbr/parser-cnj:main",4
tjmg,2020,8,"docker run -i -v consolida_bkp_tjmg_2020:/home/daniel/repos/dadosjubsr/dadosjusbr-exec/tjmg_2020/output --rm --env OUTPUT_FOLDER=""/home/daniel/repos/dadosjubsr/dadosjusbr-exec/tjmg_2020/output"" --env MONTH=""08"" --env YEAR=""2020"" --env COURT=""TJMG"" --env AID=""TJMG"" --env DOWNLOAD_TIMEOUT=""20s"" --env TIME_BETWEEN_STEPS=""15s"" --env GENERAL_TIMEOUT=""8m"" ghcr.io/dadosjusbr/parser-cnj:main",4
tjmg,2019,12,"docker run -i -v consolida_bkp_tjmg_2019:/home/daniel/repos/dadosjubsr/dadosjusbr-exec/tjmg_2019/output --rm --env DOWNLOAD_TIMEOUT=""20s"" --env TIME_BETWEEN_STEPS=""15s"" --env GENERAL_TIMEOUT=""8m"" --env OUTPUT_FOLDER=""/home/daniel/repos/dadosjubsr/dadosjusbr-exec/tjmg_2019/output"" --env MONTH=""12"" --env YEAR=""2019"" --env COURT=""TJMG"" --env AID=""TJMG"" ghcr.io/dadosjusbr/parser-cnj:main",4
tjmg,2021,12,"docker run -i -v coleta_tjmg_2021:/home/daniel/repos/dadosjubsr/dadosjusbr-exec/tjmg_2021/output --rm --env AID=""TJMG"" --env DOWNLOAD_TIMEOUT=""20s"" --env TIME_BETWEEN_STEPS=""15s"" --env GENERAL_TIMEOUT=""8m"" --env OUTPUT_FOLDER=""/home/daniel/repos/dadosjubsr/dadosjusbr-exec/tjmg_2021/output"" --env MONTH=""12"" --env YEAR=""2021"" --env COURT=""TJMG"" ghcr.io/dadosjusbr/parser-cnj:main",4
tjrr,2020,1,"docker run -i -v consolida_bkp_tjrr_2020:/home/daniel/repos/dadosjubsr/dadosjusbr-exec/tjrr_2020/output --rm --env DOWNLOAD_TIMEOUT=""20s"" --env TIME_BETWEEN_STEPS=""15s"" --env GENERAL_TIMEOUT=""8m"" --env OUTPUT_FOLDER=""/home/daniel/repos/dadosjubsr/dadosjusbr-exec/tjrr_2020/output"" --env MONTH=""01"" --env YEAR=""2020"" --env COURT=""TJRR"" --env AID=""TJRR"" ghcr.io/dadosjusbr/parser-cnj:main",4
tjrr,2020,2,"docker run -i -v consolida_bkp_tjrr_2020:/home/daniel/repos/dadosjubsr/dadosjusbr-exec/tjrr_2020/output --rm --env DOWNLOAD_TIMEOUT=""20s"" --env TIME_BETWEEN_STEPS=""15s"" --env GENERAL_TIMEOUT=""8m"" --env OUTPUT_FOLDER=""/home/daniel/repos/dadosjubsr/dadosjusbr-exec/tjrr_2020/output"" --env MONTH=""02"" --env YEAR=""2020"" --env COURT=""TJRR"" --env AID=""TJRR"" ghcr.io/dadosjusbr/parser-cnj:main",4
tjrr,2020,3,"docker run -i -v consolida_bkp_tjrr_2020:/home/daniel/repos/dadosjubsr/dadosjusbr-exec/tjrr_2020/output --rm --env OUTPUT_FOLDER=""/home/daniel/repos/dadosjubsr/dadosjusbr-exec/tjrr_2020/output"" --env MONTH=""03"" --env YEAR=""2020"" --env COURT=""TJRR"" --env AID=""TJRR"" --env DOWNLOAD_TIMEOUT=""20s"" --env TIME_BETWEEN_STEPS=""15s"" --env GENERAL_TIMEOUT=""8m"" ghcr.io/dadosjusbr/parser-cnj:main",4
tjrr,2020,4,"docker run -i -v consolida_bkp_tjrr_2020:/home/daniel/repos/dadosjubsr/dadosjusbr-exec/tjrr_2020/output --rm --env OUTPUT_FOLDER=""/home/daniel/repos/dadosjubsr/dadosjusbr-exec/tjrr_2020/output"" --env MONTH=""04"" --env YEAR=""2020"" --env COURT=""TJRR"" --env AID=""TJRR"" --env DOWNLOAD_TIMEOUT=""20s"" --env TIME_BETWEEN_STEPS=""15s"" --env GENERAL_TIMEOUT=""8m"" ghcr.io/dadosjusbr/parser-cnj:main",4
tjrr,2020,5,"docker run -i -v consolida_bkp_tjrr_2020:/home/daniel/repos/dadosjubsr/dadosjusbr-exec/tjrr_2020/output --rm --env YEAR=""2020"" --env COURT=""TJRR"" --env AID=""TJRR"" --env DOWNLOAD_TIMEOUT=""20s"" --env TIME_BETWEEN_STEPS=""15s"" --env GENERAL_TIMEOUT=""8m"" --env OUTPUT_FOLDER=""/home/daniel/repos/dadosjubsr/dadosjusbr-exec/tjrr_2020/output"" --env MONTH=""05"" ghcr.io/dadosjusbr/parser-cnj:main",4
tjrr,2020,6,"docker run -i -v consolida_bkp_tjrr_2020:/home/daniel/repos/dadosjubsr/dadosjusbr-exec/tjrr_2020/output --rm --env DOWNLOAD_TIMEOUT=""20s"" --env TIME_BETWEEN_STEPS=""15s"" --env GENERAL_TIMEOUT=""8m"" --env OUTPUT_FOLDER=""/home/daniel/repos/dadosjubsr/dadosjusbr-exec/tjrr_2020/output"" --env MONTH=""06"" --env YEAR=""2020"" --env COURT=""TJRR"" --env AID=""TJRR"" ghcr.io/dadosjusbr/parser-cnj:main",4
tjrr,2020,7,"docker run -i -v consolida_bkp_tjrr_2020:/home/daniel/repos/dadosjubsr/dadosjusbr-exec/tjrr_2020/output --rm --env GENERAL_TIMEOUT=""8m"" --env OUTPUT_FOLDER=""/home/daniel/repos/dadosjubsr/dadosjusbr-exec/tjrr_2020/output"" --env MONTH=""07"" --env YEAR=""2020"" --env COURT=""TJRR"" --env AID=""TJRR"" --env DOWNLOAD_TIMEOUT=""20s"" --env TIME_BETWEEN_STEPS=""15s"" ghcr.io/dadosjusbr/parser-cnj:main",4
tjrr,2020,8,"docker run -i -v consolida_bkp_tjrr_2020:/home/daniel/repos/dadosjubsr/dadosjusbr-exec/tjrr_2020/output --rm --env COURT=""TJRR"" --env AID=""TJRR"" --env DOWNLOAD_TIMEOUT=""20s"" --env TIME_BETWEEN_STEPS=""15s"" --env GENERAL_TIMEOUT=""8m"" --env OUTPUT_FOLDER=""/home/daniel/repos/dadosjubsr/dadosjusbr-exec/tjrr_2020/output"" --env MONTH=""08"" --env YEAR=""2020"" ghcr.io/dadosjusbr/parser-cnj:main",4
tjrr,2020,9,"docker run -i -v consolida_bkp_tjrr_2020:/home/daniel/repos/dadosjubsr/dadosjusbr-exec/tjrr_2020/output --rm --env AID=""TJRR"" --env DOWNLOAD_TIMEOUT=""20s"" --env TIME_BETWEEN_STEPS=""15s"" --env GENERAL_TIMEOUT=""8m"" --env OUTPUT_FOLDER=""/home/daniel/repos/dadosjubsr/dadosjusbr-exec/tjrr_2020/output"" --env MONTH=""09"" --env YEAR=""2020"" --env COURT=""TJRR"" ghcr.io/dadosjusbr/parser-cnj:main",4
tjrr,2019,7,"docker run -i -v consolida_bkp_tjrr_2019:/home/danielfireman/repos/dadosjusbr/cnj-exec/tjrr_2019/output --rm --env YEAR=""2019"" --env COURT=""TJRR"" --env AID=""TJRR"" --env DOWNLOAD_TIMEOUT=""20s"" --env TIME_BETWEEN_STEPS=""15s"" --env GENERAL_TIMEOUT=""8m"" --env OUTPUT_FOLDER=""/home/danielfireman/repos/dadosjusbr/cnj-exec/tjrr_2019/output"" --env MONTH=""07"" ghcr.io/dadosjusbr/parser-cnj:main",4
tjrr,2020,12,"docker run -i -v consolida_bkp_tjrr_2020:/home/daniel/repos/dadosjubsr/dadosjusbr-exec/tjrr_2020/output --rm --env DOWNLOAD_TIMEOUT=""20s"" --env TIME_BETWEEN_STEPS=""15s"" --env GENERAL_TIMEOUT=""8m"" --env OUTPUT_FOLDER=""/home/daniel/repos/dadosjubsr/dadosjusbr-exec/tjrr_2020/output"" --env MONTH=""12"" --env YEAR=""2020"" --env COURT=""TJRR"" --env AID=""TJRR"" ghcr.io/dadosjusbr/parser-cnj:main",4
tjrr,2019,8,"docker run -i -v consolida_bkp_tjrr_2019:/home/danielfireman/repos/dadosjusbr/cnj-exec/tjrr_2019/output --rm --env AID=""TJRR"" --env DOWNLOAD_TIMEOUT=""20s"" --env TIME_BETWEEN_STEPS=""15s"" --env GENERAL_TIMEOUT=""8m"" --env OUTPUT_FOLDER=""/home/danielfireman/repos/dadosjusbr/cnj-exec/tjrr_2019/output"" --env MONTH=""08"" --env YEAR=""2019"" --env COURT=""TJRR"" ghcr.io/dadosjusbr/parser-cnj:main",4
tjrr,2019,10,"docker run -i -v consolida_bkp_tjrr_2019:/home/danielfireman/repos/dadosjusbr/cnj-exec/tjrr_2019/output --rm --env YEAR=""2019"" --env COURT=""TJRR"" --env AID=""TJRR"" --env DOWNLOAD_TIMEOUT=""20s"" --env TIME_BETWEEN_STEPS=""15s"" --env GENERAL_TIMEOUT=""8m"" --env OUTPUT_FOLDER=""/home/danielfireman/repos/dadosjusbr/cnj-exec/tjrr_2019/output"" --env MONTH=""10"" ghcr.io/dadosjusbr/parser-cnj:main",4
tjrr,2019,11,"docker run -i -v consolida_bkp_tjrr_2019:/home/danielfireman/repos/dadosjusbr/cnj-exec/tjrr_2019/output --rm --env MONTH=""11"" --env YEAR=""2019"" --env COURT=""TJRR"" --env AID=""TJRR"" --env DOWNLOAD_TIMEOUT=""20s"" --env TIME_BETWEEN_STEPS=""15s"" --env GENERAL_TIMEOUT=""8m"" --env OUTPUT_FOLDER=""/home/danielfireman/repos/dadosjusbr/cnj-exec/tjrr_2019/output"" ghcr.io/dadosjusbr/parser-cnj:main",4
tjrr,2019,12,"docker run -i -v consolida_bkp_tjrr_2019:/home/danielfireman/repos/dadosjusbr/cnj-exec/tjrr_2019/output --rm --env AID=""TJRR"" --env DOWNLOAD_TIMEOUT=""20s"" --env TIME_BETWEEN_STEPS=""15s"" --env GENERAL_TIMEOUT=""8m"" --env OUTPUT_FOLDER=""/home/danielfireman/repos/dadosjusbr/cnj-exec/tjrr_2019/output"" --env MONTH=""12"" --env YEAR=""2019"" --env COURT=""TJRR"" ghcr.io/dadosjusbr/parser-cnj:main",4
tjrr,2021,10,"docker run -i -v coleta_tjrr_2021:/home/danielfireman/repos/dadosjusbr/cnj-exec/tjrr_2021/output --rm --env TIME_BETWEEN_STEPS=""15s"" --env GENERAL_TIMEOUT=""8m"" --env OUTPUT_FOLDER=""/home/danielfireman/repos/dadosjusbr/cnj-exec/tjrr_2021/output"" --env MONTH=""10"" --env YEAR=""2021"" --env COURT=""TJRR"" --env AID=""TJRR"" --env DOWNLOAD_TIMEOUT=""20s"" ghcr.io/dadosjusbr/parser-cnj:main",4
tjpa,2021,10,"docker run -i -v coleta_tjpa_2021:/home/marcos/dadosjus/dadosjusbr-exec/tjpa_2021/output --rm --env MONTH=""10"" --env YEAR=""2021"" --env COURT=""TJPA"" --env AID=""TJPA"" --env DOWNLOAD_TIMEOUT=""20s"" --env TIME_BETWEEN_STEPS=""15s"" --env GENERAL_TIMEOUT=""8m"" --env OUTPUT_FOLDER=""/home/marcos/dadosjus/dadosjusbr-exec/tjpa_2021/output"" ghcr.io/dadosjusbr/parser-cnj:main",4
tjdft,2020,4,"docker run -i -v coleta_tjdft_2020:/home/marcos/dadosjus/dadosjusbr-exec/tjdft_2020/output --rm --env YEAR=""2020"" --env COURT=""TJDFT"" --env AID=""TJDFT"" --env DOWNLOAD_TIMEOUT=""20s"" --env TIME_BETWEEN_STEPS=""15s"" --env GENERAL_TIMEOUT=""8m"" --env OUTPUT_FOLDER=""/home/marcos/dadosjus/dadosjusbr-exec/tjdft_2020/output"" --env MONTH=""04"" ghcr.io/dadosjusbr/parser-cnj:main",4
tjto,2020,3,"docker run -i -v coleta_tjto_2020:/home/marcos/dadosjus/dadosjusbr-exec/tjto_2020/output --rm --env TIME_BETWEEN_STEPS=""15s"" --env GENERAL_TIMEOUT=""8m"" --env OUTPUT_FOLDER=""/home/marcos/dadosjus/dadosjusbr-exec/tjto_2020/output"" --env MONTH=""03"" --env YEAR=""2020"" --env COURT=""TJTO"" --env AID=""TJTO"" --env DOWNLOAD_TIMEOUT=""20s"" ghcr.io/dadosjusbr/parser-cnj:main",4
tjto,2020,4,"docker run -i -v coleta_tjto_2020:/home/marcos/dadosjus/dadosjusbr-exec/tjto_2020/output --rm --env DOWNLOAD_TIMEOUT=""20s"" --env TIME_BETWEEN_STEPS=""15s"" --env GENERAL_TIMEOUT=""8m"" --env OUTPUT_FOLDER=""/home/marcos/dadosjus/dadosjusbr-exec/tjto_2020/output"" --env MONTH=""04"" --env YEAR=""2020"" --env COURT=""TJTO"" --env AID=""TJTO"" ghcr.io/dadosjusbr/parser-cnj:main",4
tjto,2020,5,"docker run -i -v coleta_tjto_2020:/home/marcos/dadosjus/dadosjusbr-exec/tjto_2020/output --rm --env GENERAL_TIMEOUT=""8m"" --env OUTPUT_FOLDER=""/home/marcos/dadosjus/dadosjusbr-exec/tjto_2020/output"" --env MONTH=""05"" --env YEAR=""2020"" --env COURT=""TJTO"" --env AID=""TJTO"" --env DOWNLOAD_TIMEOUT=""20s"" --env TIME_BETWEEN_STEPS=""15s"" ghcr.io/dadosjusbr/parser-cnj:main",4
tjmt,2019,6,"docker run -i -v coleta_tjmt_2019:/home/marcos/dadosjus/dadosjusbr-exec/tjmt_2019/output --rm --env DOWNLOAD_TIMEOUT=""20s"" --env TIME_BETWEEN_STEPS=""15s"" --env GENERAL_TIMEOUT=""8m"" --env OUTPUT_FOLDER=""/home/marcos/dadosjus/dadosjusbr-exec/tjmt_2019/output"" --env MONTH=""06"" --env YEAR=""2019"" --env COURT=""TJMT"" --env AID=""TJMT"" ghcr.io/dadosjusbr/parser-cnj:main",4
tjmt,2019,7,"docker run -i -v coleta_tjmt_2019:/home/marcos/dadosjus/dadosjusbr-exec/tjmt_2019/output --rm --env DOWNLOAD_TIMEOUT=""20s"" --env TIME_BETWEEN_STEPS=""15s"" --env GENERAL_TIMEOUT=""8m"" --env OUTPUT_FOLDER=""/home/marcos/dadosjus/dadosjusbr-exec/tjmt_2019/output"" --env MONTH=""07"" --env YEAR=""2019"" --env COURT=""TJMT"" --env AID=""TJMT"" ghcr.io/dadosjusbr/parser-cnj:main",4
tjmt,2021,12,"docker run -i -v consolida_bkp_tjmt_2021:/home/marcos/dadosjus/dadosjusbr-exec/tjmt_2021/output --rm --env GENERAL_TIMEOUT=""8m"" --env OUTPUT_FOLDER=""/home/marcos/dadosjus/dadosjusbr-exec/tjmt_2021/output"" --env MONTH=""12"" --env YEAR=""2021"" --env COURT=""TJMT"" --env AID=""TJMT"" --env DOWNLOAD_TIMEOUT=""20s"" --env TIME_BETWEEN_STEPS=""15s"" ghcr.io/dadosjusbr/parser-cnj:main",4
tjac,2021,9,"docker run -i -v consolida_bkp_tjac_2021:/home/danielfireman/repos/dadosjusbr/cnj-exec/tjac_2021/output --rm --env AID=""TJAC"" --env DOWNLOAD_TIMEOUT=""20s"" --env TIME_BETWEEN_STEPS=""15s"" --env GENERAL_TIMEOUT=""8m"" --env OUTPUT_FOLDER=""/home/danielfireman/repos/dadosjusbr/cnj-exec/tjac_2021/output"" --env MONTH=""09"" --env YEAR=""2021"" --env COURT=""TJAC"" ghcr.io/dadosjusbr/parser-cnj:main",4
tjac,2021,10,"docker run -i -v consolida_bkp_tjac_2021:/home/danielfireman/repos/dadosjusbr/cnj-exec/tjac_2021/output --rm --env GENERAL_TIMEOUT=""8m"" --env OUTPUT_FOLDER=""/home/danielfireman/repos/dadosjusbr/cnj-exec/tjac_2021/output"" --env MONTH=""10"" --env YEAR=""2021"" --env COURT=""TJAC"" --env AID=""TJAC"" --env DOWNLOAD_TIMEOUT=""20s"" --env TIME_BETWEEN_STEPS=""15s"" ghcr.io/dadosjusbr/parser-cnj:main",4
tjac,2021,11,"docker run -i -v consolida_bkp_tjac_2021:/home/danielfireman/repos/dadosjusbr/cnj-exec/tjac_2021/output --rm --env TIME_BETWEEN_STEPS=""15s"" --env GENERAL_TIMEOUT=""8m"" --env OUTPUT_FOLDER=""/home/danielfireman/repos/dadosjusbr/cnj-exec/tjac_2021/output"" --env MONTH=""11"" --env YEAR=""2021"" --env COURT=""TJAC"" --env AID=""TJAC"" --env DOWNLOAD_TIMEOUT=""20s"" ghcr.io/dadosjusbr/parser-cnj:main",4
tjac,2021,12,"docker run -i -v consolida_bkp_tjac_2021:/home/danielfireman/repos/dadosjusbr/cnj-exec/tjac_2021/output --rm --env YEAR=""2021"" --env COURT=""TJAC"" --env AID=""TJAC"" --env DOWNLOAD_TIMEOUT=""20s"" --env TIME_BETWEEN_STEPS=""15s"" --env GENERAL_TIMEOUT=""8m"" --env OUTPUT_FOLDER=""/home/danielfireman/repos/dadosjusbr/cnj-exec/tjac_2021/output"" --env MONTH=""12"" ghcr.io/dadosjusbr/parser-cnj:main",4
stj,2020,1,"docker run -i -v coleta_stj_2020:/home/danielfireman/repos/dadosjusbr/cnj-exec/stj_2020/output --rm --env SWIFT_APIKEY=""dadosjus123"" --env SWIFT_DOMAIN=""Geral"" --env SWIFT_CONTAINER=""dadosjusbr"" --env OUTPUT_FOLDER=""/home/danielfireman/repos/dadosjusbr/cnj-exec/stj_2020/output"" --env YEAR=""2020"" --env COURT=""STJ"" --env MONGODB_BCOLL=""bkps"" --env SWIFT_AUTHURL=""https://cloud5.lsd.ufcg.edu.br:5000/v3"" --env MONTH=""01"" --env DOWNLOAD_TIMEOUT=""20s"" --env GENERAL_TIMEOUT=""8m"" --env SWIFT_USERNAME=""joeberth"" --env MONGODB_URI=""mongodb+srv://dadosjusbr:dadosjus123@cluster-798622w0.dryls.mongodb.net/heroku_798622w0?retryWrites=true&w=majority"" --env MONGODB_DBNAME=""heroku_798622w0"" --env AID=""STJ"" --env TIME_BETWEEN_STEPS=""15s"" ghcr.io/dadosjusbr/salvador-backups:main",1
stj,2020,2,"docker run -i -v coleta_stj_2020:/home/danielfireman/repos/dadosjusbr/cnj-exec/stj_2020/output --rm --env OUTPUT_FOLDER=""/home/danielfireman/repos/dadosjusbr/cnj-exec/stj_2020/output"" --env COURT=""STJ"" --env AID=""STJ"" --env DOWNLOAD_TIMEOUT=""20s"" --env MONTH=""02"" --env YEAR=""2020"" --env SWIFT_APIKEY=""dadosjus123"" --env MONGODB_URI=""mongodb+srv://dadosjusbr:dadosjus123@cluster-798622w0.dryls.mongodb.net/heroku_798622w0?retryWrites=true&w=majority"" --env MONGODB_DBNAME=""heroku_798622w0"" --env TIME_BETWEEN_STEPS=""15s"" --env GENERAL_TIMEOUT=""8m"" --env SWIFT_USERNAME=""joeberth"" --env SWIFT_AUTHURL=""https://cloud5.lsd.ufcg.edu.br:5000/v3"" --env SWIFT_DOMAIN=""Geral"" --env SWIFT_CONTAINER=""dadosjusbr"" --env MONGODB_BCOLL=""bkps"" ghcr.io/dadosjusbr/salvador-backups:main",1
stj,2020,3,"docker run -i -v coleta_stj_2020:/home/danielfireman/repos/dadosjusbr/cnj-exec/stj_2020/output --rm --env SWIFT_AUTHURL=""https://cloud5.lsd.ufcg.edu.br:5000/v3"" --env MONGODB_BCOLL=""bkps"" --env GENERAL_TIMEOUT=""8m"" --env OUTPUT_FOLDER=""/home/danielfireman/repos/dadosjusbr/cnj-exec/stj_2020/output"" --env MONTH=""03"" --env MONGODB_DBNAME=""heroku_798622w0"" --env SWIFT_DOMAIN=""Geral"" --env DOWNLOAD_TIMEOUT=""20s"" --env TIME_BETWEEN_STEPS=""15s"" --env YEAR=""2020"" --env AID=""STJ"" --env MONGODB_URI=""mongodb+srv://dadosjusbr:dadosjus123@cluster-798622w0.dryls.mongodb.net/heroku_798622w0?retryWrites=true&w=majority"" --env COURT=""STJ"" --env SWIFT_USERNAME=""joeberth"" --env SWIFT_APIKEY=""dadosjus123"" --env SWIFT_CONTAINER=""dadosjusbr"" ghcr.io/dadosjusbr/salvador-backups:main",1
stj,2020,4,"docker run -i -v coleta_stj_2020:/home/danielfireman/repos/dadosjusbr/cnj-exec/stj_2020/output --rm --env AID=""STJ"" --env OUTPUT_FOLDER=""/home/danielfireman/repos/dadosjusbr/cnj-exec/stj_2020/output"" --env YEAR=""2020"" --env SWIFT_DOMAIN=""Geral"" --env GENERAL_TIMEOUT=""8m"" --env MONGODB_DBNAME=""heroku_798622w0"" --env SWIFT_USERNAME=""joeberth"" --env SWIFT_APIKEY=""dadosjus123"" --env MONGODB_URI=""mongodb+srv://dadosjusbr:dadosjus123@cluster-798622w0.dryls.mongodb.net/heroku_798622w0?retryWrites=true&w=majority"" --env DOWNLOAD_TIMEOUT=""20s"" --env MONTH=""04"" --env MONGODB_BCOLL=""bkps"" --env TIME_BETWEEN_STEPS=""15s"" --env COURT=""STJ"" --env SWIFT_AUTHURL=""https://cloud5.lsd.ufcg.edu.br:5000/v3"" --env SWIFT_CONTAINER=""dadosjusbr"" ghcr.io/dadosjusbr/salvador-backups:main",1
stj,2020,5,"docker run -i -v coleta_stj_2020:/home/danielfireman/repos/dadosjusbr/cnj-exec/stj_2020/output --rm --env SWIFT_AUTHURL=""https://cloud5.lsd.ufcg.edu.br:5000/v3"" --env SWIFT_CONTAINER=""dadosjusbr"" --env GENERAL_TIMEOUT=""8m"" --env MONTH=""05"" --env MONGODB_DBNAME=""heroku_798622w0"" --env SWIFT_USERNAME=""joeberth"" --env COURT=""STJ"" --env DOWNLOAD_TIMEOUT=""20s"" --env MONGODB_URI=""mongodb+srv://dadosjusbr:dadosjus123@cluster-798622w0.dryls.mongodb.net/heroku_798622w0?retryWrites=true&w=majority"" --env MONGODB_BCOLL=""bkps"" --env AID=""STJ"" --env TIME_BETWEEN_STEPS=""15s"" --env SWIFT_APIKEY=""dadosjus123"" --env SWIFT_DOMAIN=""Geral"" --env OUTPUT_FOLDER=""/home/danielfireman/repos/dadosjusbr/cnj-exec/stj_2020/output"" --env YEAR=""2020"" ghcr.io/dadosjusbr/salvador-backups:main",1
stj,2020,6,"docker run -i -v coleta_stj_2020:/home/danielfireman/repos/dadosjusbr/cnj-exec/stj_2020/output --rm --env GENERAL_TIMEOUT=""8m"" --env MONGODB_DBNAME=""heroku_798622w0"" --env SWIFT_AUTHURL=""https://cloud5.lsd.ufcg.edu.br:5000/v3"" --env DOWNLOAD_TIMEOUT=""20s"" --env TIME_BETWEEN_STEPS=""15s"" --env OUTPUT_FOLDER=""/home/danielfireman/repos/dadosjusbr/cnj-exec/stj_2020/output"" --env SWIFT_USERNAME=""joeberth"" --env SWIFT_APIKEY=""dadosjus123"" --env MONTH=""06"" --env AID=""STJ"" --env SWIFT_CONTAINER=""dadosjusbr"" --env YEAR=""2020"" --env MONGODB_BCOLL=""bkps"" --env SWIFT_DOMAIN=""Geral"" --env MONGODB_URI=""mongodb+srv://dadosjusbr:dadosjus123@cluster-798622w0.dryls.mongodb.net/heroku_798622w0?retryWrites=true&w=majority"" --env COURT=""STJ"" ghcr.io/dadosjusbr/salvador-backups:main",1
stj,2020,7,"docker run -i -v coleta_stj_2020:/home/danielfireman/repos/dadosjusbr/cnj-exec/stj_2020/output --rm --env MONTH=""07"" --env AID=""STJ"" --env SWIFT_DOMAIN=""Geral"" --env OUTPUT_FOLDER=""/home/danielfireman/repos/dadosjusbr/cnj-exec/stj_2020/output"" --env COURT=""STJ"" --env TIME_BETWEEN_STEPS=""15s"" --env SWIFT_USERNAME=""joeberth"" --env SWIFT_APIKEY=""dadosjus123"" --env SWIFT_AUTHURL=""https://cloud5.lsd.ufcg.edu.br:5000/v3"" --env YEAR=""2020"" --env GENERAL_TIMEOUT=""8m"" --env MONGODB_BCOLL=""bkps"" --env SWIFT_CONTAINER=""dadosjusbr"" --env MONGODB_DBNAME=""heroku_798622w0"" --env DOWNLOAD_TIMEOUT=""20s"" --env MONGODB_URI=""mongodb+srv://dadosjusbr:dadosjus123@cluster-798622w0.dryls.mongodb.net/heroku_798622w0?retryWrites=true&w=majority"" ghcr.io/dadosjusbr/salvador-backups:main",1
stj,2020,8,"docker run -i -v coleta_stj_2020:/home/danielfireman/repos/dadosjusbr/cnj-exec/stj_2020/output --rm --env DOWNLOAD_TIMEOUT=""20s"" --env MONTH=""08"" --env SWIFT_APIKEY=""dadosjus123"" --env SWIFT_AUTHURL=""https://cloud5.lsd.ufcg.edu.br:5000/v3"" --env TIME_BETWEEN_STEPS=""15s"" --env GENERAL_TIMEOUT=""8m"" --env OUTPUT_FOLDER=""/home/danielfireman/repos/dadosjusbr/cnj-exec/stj_2020/output"" --env SWIFT_USERNAME=""joeberth"" --env YEAR=""2020"" --env COURT=""STJ"" --env MONGODB_BCOLL=""bkps"" --env SWIFT_DOMAIN=""Geral"" --env SWIFT_CONTAINER=""dadosjusbr"" --env AID=""STJ"" --env MONGODB_DBNAME=""heroku_798622w0"" --env MONGODB_URI=""mongodb+srv://dadosjusbr:dadosjus123@cluster-798622w0.dryls.mongodb.net/heroku_798622w0?retryWrites=true&w=majority"" ghcr.io/dadosjusbr/salvador-backups:main",1
NA,2021,1,docker pull ghcr.io/dadosjusbr/parser-mpro:main,1
NA,2021,2,docker pull ghcr.io/dadosjusbr/parser-mpro:main,1
NA,2020,6,"docker run -i -v dadosjusbr:/output --rm --env YEAR=""2020"" --env OUTPUT_FOLDER=""/output"" --env MONTH=""06"" ghcr.io/dadosjusbr/coletor-mpro:main",1
NA,2018,1,"docker run -i -v dadosjusbr:/output --rm --env TIME_BETWEEN_STEPS=""30s"" --env GENERAL_TIMEOUT=""10m"" --env MONTH=""01"" --env YEAR=""2018"" --env DOWNLOAD_TIMEOUT=""30s"" ghcr.io/dadosjusbr/parser-mpap:main",5
NA,2018,1,"docker run -i -v dadosjusbr:/output --rm --env GENERAL_TIMEOUT=""10m"" --env MONTH=""01"" --env YEAR=""2018"" --env DOWNLOAD_TIMEOUT=""30s"" --env TIME_BETWEEN_STEPS=""30s"" ghcr.io/dadosjusbr/parser-mpap:main",5
NA,2018,1,"docker run -i -v dadosjusbr:/output --rm --env GENERAL_TIMEOUT=""10m"" --env MONTH=""01"" --env YEAR=""2018"" --env DOWNLOAD_TIMEOUT=""30s"" --env TIME_BETWEEN_STEPS=""30s"" ghcr.io/dadosjusbr/validador:main",4
NA,2018,1,"docker run -i -v dadosjusbr:/output --rm --env YEAR=""2018"" --env DOWNLOAD_TIMEOUT=""30s"" --env TIME_BETWEEN_STEPS=""30s"" --env GENERAL_TIMEOUT=""10m"" --env MONTH=""01"" ghcr.io/dadosjusbr/validador:main",4
NA,2018,1,"docker run -i -v dadosjusbr:/output --rm --env GENERAL_TIMEOUT=""10m"" --env MONTH=""01"" --env YEAR=""2018"" --env DOWNLOAD_TIMEOUT=""30s"" --env TIME_BETWEEN_STEPS=""30s"" ghcr.io/dadosjusbr/validador:main",4
NA,2018,2,"docker run -i -v dadosjusbr:/output --rm --env YEAR=""2018"" --env DOWNLOAD_TIMEOUT=""30s"" --env TIME_BETWEEN_STEPS=""30s"" --env GENERAL_TIMEOUT=""10m"" --env MONTH=""02"" ghcr.io/dadosjusbr/validador:main",4
NA,2018,3,"docker run -i -v dadosjusbr:/output --rm --env YEAR=""2018"" --env DOWNLOAD_TIMEOUT=""30s"" --env TIME_BETWEEN_STEPS=""30s"" --env GENERAL_TIMEOUT=""10m"" --env MONTH=""03"" ghcr.io/dadosjusbr/validador:main",4
NA,2021,11,"docker run -i -v dadosjusbr:/output --rm --env OUTPUT_FOLDER=""/output"" --env MONTH=""11"" --env YEAR=""2021"" ghcr.io/dadosjusbr/coletor-mpmt:main",1
NA,2021,12,"docker run -i -v dadosjusbr:/output --rm --env OUTPUT_FOLDER=""/output"" --env MONTH=""12"" --env YEAR=""2021"" ghcr.io/dadosjusbr/coletor-mpmt:main",5
NA,2020,10,"docker run -i -v dadosjusbr:/output --rm --env YEAR=""2020"" --env OUTPUT_FOLDER=""/output"" --env MONTH=""10"" ghcr.io/dadosjusbr/coletor-mpsp:main",1
NA,2020,12,"docker run -i -v dadosjusbr:/output --rm --env OUTPUT_FOLDER=""/output"" --env MONTH=""12"" --env YEAR=""2020"" ghcr.io/dadosjusbr/coletor-mpsp:main",1
NA,2021,12,"docker run -i -v dadosjusbr:/output --rm --env MONTH=""12"" --env YEAR=""2021"" --env OUTPUT_FOLDER=""/output"" ghcr.io/dadosjusbr/coletor-mpsp:main",5
NA,2020,6,"docker run -i -v dadosjusbr:/output --rm --env OUTPUT_FOLDER=""/output"" --env MONTH=""06"" --env YEAR=""2020"" ghcr.io/dadosjusbr/coletor-mpro:main",1
NA,2020,10,"docker run -i -v dadosjusbr:/output --rm --env MONGODB_DBNAME=""heroku_798622w0"" --env DOWNLOAD_TIMEOUT=""30s"" --env TIME_BETWEEN_STEPS=""30s"" --env MONGODB_BCOLL=""bkps"" --env SWIFT_APIKEY=""dadosjus123"" --env SWIFT_AUTHURL=""https://cloud5.lsd.ufcg.edu.br:5000/v3"" --env SWIFT_DOMAIN=""Geral"" --env MONGODB_URI=""mongodb+srv://dadosjusbr:dadosjus123@cluster-798622w0.dryls.mongodb.net/heroku_798622w0?retryWrites=true&w=majority"" --env MONTH=""10"" --env YEAR=""2020"" --env GENERAL_TIMEOUT=""10m"" --env SWIFT_USERNAME=""joeberth"" --env SWIFT_CONTAINER=""dadosjusbr"" ghcr.io/dadosjusbr/salvador-backups:main",1
NA,2020,12,"docker run -i -v dadosjusbr:/output --rm --env SWIFT_CONTAINER=""dadosjusbr"" --env MONGODB_DBNAME=""heroku_798622w0"" --env MONGODB_BCOLL=""bkps"" --env MONTH=""12"" --env YEAR=""2020"" --env DOWNLOAD_TIMEOUT=""30s"" --env SWIFT_DOMAIN=""Geral"" --env MONGODB_URI=""mongodb+srv://dadosjusbr:dadosjus123@cluster-798622w0.dryls.mongodb.net/heroku_798622w0?retryWrites=true&w=majority"" --env SWIFT_USERNAME=""joeberth"" --env TIME_BETWEEN_STEPS=""30s"" --env GENERAL_TIMEOUT=""10m"" --env SWIFT_APIKEY=""dadosjus123"" --env SWIFT_AUTHURL=""https://cloud5.lsd.ufcg.edu.br:5000/v3"" ghcr.io/dadosjusbr/salvador-backups:main",1
NA,2020,6,"docker run -i -v dadosjusbr:/output --rm --env MONTH=""06"" --env YEAR=""2020"" --env OUTPUT_FOLDER=""/output"" ghcr.io/dadosjusbr/coletor-mpro:main",1
NA,2020,6,"docker run -i -v dadosjusbr:/output --rm --env OUTPUT_FOLDER=""/output"" --env MONTH=""06"" --env YEAR=""2020"" ghcr.io/dadosjusbr/coletor-mpro:main",1
NA,2018,1,docker pull ghcr.io/dadosjusbr/coletor-mppa:main,1
NA,2018,2,docker pull ghcr.io/dadosjusbr/coletor-mppa:main,1
NA,2018,1,docker pull ghcr.io/dadosjusbr/coletor-mppa:main,1
NA,2018,2,docker pull ghcr.io/dadosjusbr/coletor-mppa:main,1
NA,2018,1,docker pull ghcr.io/dadosjusbr/coletor-mppa:main,1
NA,2018,1,"docker run -i -v dadosjusbr:/output --rm --env OUTPUT_FOLDER=""/output"" --env MONTH=""01"" --env YEAR=""2018"" ghcr.io/dadosjusbr/parser-mpsc:main",1
NA,2018,2,docker pull ghcr.io/dadosjusbr/coletor-mpsc:main,1
NA,2018,3,"docker run -i -v dadosjusbr:/output --rm --env YEAR=""2018"" --env OUTPUT_FOLDER=""/output"" --env MONTH=""03"" ghcr.io/dadosjusbr/parser-mpsc:main",1
NA,2018,1,"docker run -i -v dadosjusbr:/output --rm --env MONTH=""01"" --env YEAR=""2018"" --env OUTPUT_FOLDER=""/output"" ghcr.io/dadosjusbr/parser-mpsc:main",1
NA,2018,3,"docker run -i -v dadosjusbr:/output --rm --env YEAR=""2018"" --env OUTPUT_FOLDER=""/output"" --env MONTH=""03"" ghcr.io/dadosjusbr/parser-mpsc:main",1
NA,2018,5,"docker run -i -v dadosjusbr:/output --rm --env OUTPUT_FOLDER=""/output"" --env MONTH=""05"" --env YEAR=""2018"" ghcr.io/dadosjusbr/parser-mpsc:main",1
NA,2018,6,"docker run -i -v dadosjusbr:/output --rm --env OUTPUT_FOLDER=""/output"" --env MONTH=""06"" --env YEAR=""2018"" ghcr.io/dadosjusbr/parser-mpsc:main",1
NA,2018,7,"docker run -i -v dadosjusbr:/output --rm --env OUTPUT_FOLDER=""/output"" --env MONTH=""07"" --env YEAR=""2018"" ghcr.io/dadosjusbr/parser-mpsc:main",1
NA,2018,8,"docker run -i -v dadosjusbr:/output --rm --env OUTPUT_FOLDER=""/output"" --env MONTH=""08"" --env YEAR=""2018"" ghcr.io/dadosjusbr/parser-mpsc:main",1
NA,2018,9,"docker run -i -v dadosjusbr:/output --rm --env OUTPUT_FOLDER=""/output"" --env MONTH=""09"" --env YEAR=""2018"" ghcr.io/dadosjusbr/parser-mpsc:main",1
NA,2018,10,"docker run -i -v dadosjusbr:/output --rm --env OUTPUT_FOLDER=""/output"" --env MONTH=""10"" --env YEAR=""2018"" ghcr.io/dadosjusbr/parser-mpsc:main",1
NA,2018,11,"docker run -i -v dadosjusbr:/output --rm --env OUTPUT_FOLDER=""/output"" --env MONTH=""11"" --env YEAR=""2018"" ghcr.io/dadosjusbr/parser-mpsc:main",1
NA,2019,1,"docker run -i -v dadosjusbr:/output --rm --env MONTH=""01"" --env YEAR=""2019"" --env OUTPUT_FOLDER=""/output"" ghcr.io/dadosjusbr/parser-mpsc:main",1
NA,2019,2,"docker run -i -v dadosjusbr:/output --rm --env OUTPUT_FOLDER=""/output"" --env MONTH=""02"" --env YEAR=""2019"" ghcr.io/dadosjusbr/parser-mpsc:main",1
NA,2019,3,"docker run -i -v dadosjusbr:/output --rm --env OUTPUT_FOLDER=""/output"" --env MONTH=""03"" --env YEAR=""2019"" ghcr.io/dadosjusbr/parser-mpsc:main",1
NA,2019,4,"docker run -i -v dadosjusbr:/output --rm --env OUTPUT_FOLDER=""/output"" --env MONTH=""04"" --env YEAR=""2019"" ghcr.io/dadosjusbr/parser-mpsc:main",1
NA,2019,5,"docker run -i -v dadosjusbr:/output --rm --env YEAR=""2019"" --env OUTPUT_FOLDER=""/output"" --env MONTH=""05"" ghcr.io/dadosjusbr/parser-mpsc:main",1
NA,2019,6,"docker run -i -v dadosjusbr:/output --rm --env OUTPUT_FOLDER=""/output"" --env MONTH=""06"" --env YEAR=""2019"" ghcr.io/dadosjusbr/parser-mpsc:main",1
NA,2020,4,"docker run -i -v dadosjusbr:/output --rm --env YEAR=""2020"" --env OUTPUT_FOLDER=""/output"" --env MONTH=""04"" ghcr.io/dadosjusbr/parser-mpsc:main",1
NA,2020,5,"docker run -i -v dadosjusbr:/output --rm --env MONTH=""05"" --env YEAR=""2020"" --env OUTPUT_FOLDER=""/output"" ghcr.io/dadosjusbr/parser-mpsc:main",1
NA,2020,6,"docker run -i -v dadosjusbr:/output --rm --env OUTPUT_FOLDER=""/output"" --env MONTH=""06"" --env YEAR=""2020"" ghcr.io/dadosjusbr/parser-mpsc:main",1
NA,2020,7,"docker run -i -v dadosjusbr:/output --rm --env OUTPUT_FOLDER=""/output"" --env MONTH=""07"" --env YEAR=""2020"" ghcr.io/dadosjusbr/parser-mpsc:main",1
NA,2020,8,"docker run -i -v dadosjusbr:/output --rm --env OUTPUT_FOLDER=""/output"" --env MONTH=""08"" --env YEAR=""2020"" ghcr.io/dadosjusbr/parser-mpsc:main",1
NA,2020,9,"docker run -i -v dadosjusbr:/output --rm --env OUTPUT_FOLDER=""/output"" --env MONTH=""09"" --env YEAR=""2020"" ghcr.io/dadosjusbr/parser-mpsc:main",1
NA,2020,10,"docker run -i -v dadosjusbr:/output --rm --env YEAR=""2020"" --env OUTPUT_FOLDER=""/output"" --env MONTH=""10"" ghcr.io/dadosjusbr/parser-mpsc:main",1
NA,2020,11,"docker run -i -v dadosjusbr:/output --rm --env OUTPUT_FOLDER=""/output"" --env MONTH=""11"" --env YEAR=""2020"" ghcr.io/dadosjusbr/parser-mpsc:main",1
NA,2018,1,"docker run -i -v dadosjusbr:/output --rm --env SWIFT_DOMAIN=""Geral"" --env YEAR=""2018"" --env SWIFT_CONTAINER=""dadosjusbr"" --env MONGODB_DBNAME=""heroku_798622w0"" --env SWIFT_APIKEY=""dadosjus123"" --env SWIFT_AUTHURL=""https://cloud5.lsd.ufcg.edu.br:5000/v3"" --env MONGODB_MICOL=""miProto"" --env OUTPUT_FOLDER=""/output"" --env MONTH=""01"" --env MONGODB_URI=""mongodb+srv://dadosjusbr:dadosjus123@cluster-798622w0.dryls.mongodb.net/heroku_798622w0?retryWrites=true&w=majority"" --env MONGODB_AGCOL=""agProto"" --env SWIFT_USERNAME=""joeberth"" ghcr.io/dadosjusbr/armazenador:main",2
NA,2018,3,"docker run -i -v dadosjusbr:/output --rm --env MONGODB_URI=""mongodb+srv://dadosjusbr:dadosjus123@cluster-798622w0.dryls.mongodb.net/heroku_798622w0?retryWrites=true&w=majority"" --env MONGODB_DBNAME=""heroku_798622w0"" --env MONGODB_AGCOL=""agProto"" --env SWIFT_CONTAINER=""dadosjusbr"" --env MONTH=""03"" --env SWIFT_AUTHURL=""https://cloud5.lsd.ufcg.edu.br:5000/v3"" --env MONGODB_MICOL=""miProto"" --env SWIFT_USERNAME=""joeberth"" --env SWIFT_APIKEY=""dadosjus123"" --env SWIFT_DOMAIN=""Geral"" --env OUTPUT_FOLDER=""/output"" --env YEAR=""2018"" ghcr.io/dadosjusbr/armazenador:main",2
NA,2018,9,"docker run -i -v dadosjusbr:/output --rm --env YEAR=""2018"" --env OUTPUT_FOLDER=""/output"" --env MONTH=""09"" parser-mpsc",1
NA,2018,10,"docker run -i -v dadosjusbr:/output --rm --env OUTPUT_FOLDER=""/output"" --env MONTH=""10"" --env YEAR=""2018"" parser-mpsc",1
NA,2019,1,"docker run -i -v dadosjusbr:/output --rm --env OUTPUT_FOLDER=""/output"" --env MONTH=""01"" --env YEAR=""2019"" parser-mpsc",1
NA,2019,2,"docker run -i -v dadosjusbr:/output --rm --env OUTPUT_FOLDER=""/output"" --env MONTH=""02"" --env YEAR=""2019"" parser-mpsc",1
NA,2019,3,"docker run -i -v dadosjusbr:/output --rm --env MONTH=""03"" --env YEAR=""2019"" --env OUTPUT_FOLDER=""/output"" parser-mpsc",1
NA,2019,4,"docker run -i -v dadosjusbr:/output --rm --env OUTPUT_FOLDER=""/output"" --env MONTH=""04"" --env YEAR=""2019"" parser-mpsc",1
NA,2020,4,"docker run -i -v dadosjusbr:/output --rm --env MONTH=""04"" --env YEAR=""2020"" --env OUTPUT_FOLDER=""/output"" parser-mpsc",1
NA,2020,5,"docker run -i -v dadosjusbr:/output --rm --env OUTPUT_FOLDER=""/output"" --env MONTH=""05"" --env YEAR=""2020"" parser-mpsc",1
NA,2020,6,"docker run -i -v dadosjusbr:/output --rm --env YEAR=""2020"" --env OUTPUT_FOLDER=""/output"" --env MONTH=""06"" parser-mpsc",1
NA,2020,7,"docker run -i -v dadosjusbr:/output --rm --env OUTPUT_FOLDER=""/output"" --env MONTH=""07"" --env YEAR=""2020"" parser-mpsc",1
NA,2020,8,"docker run -i -v dadosjusbr:/output --rm --env OUTPUT_FOLDER=""/output"" --env MONTH=""08"" --env YEAR=""2020"" parser-mpsc",1
NA,2020,9,"docker run -i -v dadosjusbr:/output --rm --env OUTPUT_FOLDER=""/output"" --env MONTH=""09"" --env YEAR=""2020"" parser-mpsc",1
NA,2021,12,"docker run -i -v dadosjusbr:/output --rm --env OUTPUT_FOLDER=""/output"" --env MONTH=""12"" --env YEAR=""2021"" ghcr.io/dadosjusbr/coletor-mpmt:main",1
NA,2021,12,"docker run -i -v dadosjusbr:/output --rm --env YEAR=""2021"" --env OUTPUT_FOLDER=""/output"" --env MONTH=""12"" ghcr.io/dadosjusbr/coletor-mpmg:main",5
NA,2021,12,"docker run -i -v dadosjusbr:/output --rm --env OUTPUT_FOLDER=""/output"" --env MONTH=""12"" --env YEAR=""2021"" ghcr.io/dadosjusbr/coletor-mpmg:main",5
NA,2021,9,"docker run -i -v dadosjusbr:/output --rm --env OUTPUT_FOLDER=""/output"" --env MONTH=""09"" --env YEAR=""2021"" ghcr.io/dadosjusbr/validador:main",7
NA,2021,9,"docker run -i -v dadosjusbr:/output --rm --env OUTPUT_FOLDER=""/output"" --env MONTH=""09"" --env YEAR=""2021"" ghcr.io/dadosjusbr/coletor-mpgo:main",4
NA,2021,9,"docker run -i -v dadosjusbr:/output --rm --env MONTH=""09"" --env YEAR=""2021"" --env OUTPUT_FOLDER=""/output"" ghcr.io/dadosjusbr/coletor-mpgo:main",4
NA,2021,9,"docker run -i -v dadosjusbr:/output --rm --env OUTPUT_FOLDER=""/output"" --env MONTH=""09"" --env YEAR=""2021"" ghcr.io/dadosjusbr/coletor-mpgo:main",4
NA,2021,9,"docker run -i -v dadosjusbr:/output --rm --env YEAR=""2021"" --env OUTPUT_FOLDER=""/output"" --env MONTH=""09"" ghcr.io/dadosjusbr/coletor-mpgo:main",4
NA,2021,9,"docker run -i -v dadosjusbr:/output --rm --env MONTH=""09"" --env YEAR=""2021"" --env OUTPUT_FOLDER=""/output"" ghcr.io/dadosjusbr/coletor-mpgo:main",4
NA,2021,9,"docker run -i -v dadosjusbr:/output --rm --env OUTPUT_FOLDER=""/output"" --env MONTH=""09"" --env YEAR=""2021"" ghcr.io/dadosjusbr/coletor-mpgo:main",4
NA,2021,11,docker pull ghcr.io/dadosjusbr/coletor-mppi:main,1
NA,2021,12,docker pull ghcr.io/dadosjusbr/coletor-mppi:main,1
NA,2021,11,docker pull ghcr.io/dadosjusbr/coletor-mppi:main,1
NA,2021,12,docker pull ghcr.io/dadosjusbr/coletor-mppi:main,1
NA,2021,11,docker pull ghcr.io/dadosjusbr/coletor-mppb:main,1
NA,2021,12,docker pull ghcr.io/dadosjusbr/coletor-mppb:main,1
NA,2021,11,docker pull ghcr.io/dadosjusbr/coletor-mppb:main,1
NA,2021,12,docker pull ghcr.io/dadosjusbr/coletor-mppb:main,1
NA,2021,11,docker pull ghcr.io/dadosjusbr/coletor-mppb:main,1
NA,2021,12,docker pull ghcr.io/dadosjusbr/coletor-mppb:main,1
NA,2021,11,docker pull ghcr.io/dadosjusbr/coletor-mpal:main,1
NA,2021,11,docker pull ghcr.io/dadosjusbr/coletor-mpal:main,1
NA,2021,12,docker pull ghcr.io/dadosjusbr/coletor-mpal:main,1
NA,2018,1,"docker run -i -v dadosjusbr:/output --rm --env YEAR=""2018"" --env OUTPUT_FOLDER=""/output"" --env MONTH=""01"" ghcr.io/dadosjusbr/coletor-mpam:main",1
NA,2018,2,"docker run -i -v dadosjusbr:/output --rm --env OUTPUT_FOLDER=""/output"" --env MONTH=""02"" --env YEAR=""2018"" ghcr.io/dadosjusbr/coletor-mpam:main",1
NA,2018,3,"docker run -i -v dadosjusbr:/output --rm --env OUTPUT_FOLDER=""/output"" --env MONTH=""03"" --env YEAR=""2018"" ghcr.io/dadosjusbr/coletor-mpam:main",1
NA,2018,4,"docker run -i -v dadosjusbr:/output --rm --env OUTPUT_FOLDER=""/output"" --env MONTH=""04"" --env YEAR=""2018"" ghcr.io/dadosjusbr/coletor-mpam:main",1
NA,2018,5,"docker run -i -v dadosjusbr:/output --rm --env OUTPUT_FOLDER=""/output"" --env MONTH=""05"" --env YEAR=""2018"" ghcr.io/dadosjusbr/coletor-mpam:main",1
NA,2018,6,"docker run -i -v dadosjusbr:/output --rm --env OUTPUT_FOLDER=""/output"" --env MONTH=""06"" --env YEAR=""2018"" ghcr.io/dadosjusbr/coletor-mpam:main",1
NA,2018,7,"docker run -i -v dadosjusbr:/output --rm --env YEAR=""2018"" --env OUTPUT_FOLDER=""/output"" --env MONTH=""07"" ghcr.io/dadosjusbr/coletor-mpam:main",1
NA,2018,8,"docker run -i -v dadosjusbr:/output --rm --env MONTH=""08"" --env YEAR=""2018"" --env OUTPUT_FOLDER=""/output"" ghcr.io/dadosjusbr/coletor-mpam:main",1
NA,2018,9,"docker run -i -v dadosjusbr:/output --rm --env YEAR=""2018"" --env OUTPUT_FOLDER=""/output"" --env MONTH=""09"" ghcr.io/dadosjusbr/coletor-mpam:main",1
NA,2018,10,"docker run -i -v dadosjusbr:/output --rm --env OUTPUT_FOLDER=""/output"" --env MONTH=""10"" --env YEAR=""2018"" ghcr.io/dadosjusbr/coletor-mpam:main",1
NA,2018,11,"docker run -i -v dadosjusbr:/output --rm --env OUTPUT_FOLDER=""/output"" --env MONTH=""11"" --env YEAR=""2018"" ghcr.io/dadosjusbr/coletor-mpam:main",1
NA,2018,12,"docker run -i -v dadosjusbr:/output --rm --env YEAR=""2018"" --env OUTPUT_FOLDER=""/output"" --env MONTH=""12"" ghcr.io/dadosjusbr/coletor-mpam:main",1
NA,2019,1,"docker run -i -v dadosjusbr:/output --rm --env OUTPUT_FOLDER=""/output"" --env MONTH=""01"" --env YEAR=""2019"" ghcr.io/dadosjusbr/coletor-mpam:main",1
NA,2019,2,"docker run -i -v dadosjusbr:/output --rm --env YEAR=""2019"" --env OUTPUT_FOLDER=""/output"" --env MONTH=""02"" ghcr.io/dadosjusbr/coletor-mpam:main",1
NA,2019,3,"docker run -i -v dadosjusbr:/output --rm --env MONTH=""03"" --env YEAR=""2019"" --env OUTPUT_FOLDER=""/output"" ghcr.io/dadosjusbr/coletor-mpam:main",1
NA,2019,4,"docker run -i -v dadosjusbr:/output --rm --env YEAR=""2019"" --env OUTPUT_FOLDER=""/output"" --env MONTH=""04"" ghcr.io/dadosjusbr/coletor-mpam:main",1
NA,2019,5,"docker run -i -v dadosjusbr:/output --rm --env YEAR=""2019"" --env OUTPUT_FOLDER=""/output"" --env MONTH=""05"" ghcr.io/dadosjusbr/coletor-mpam:main",1
NA,2019,6,"docker run -i -v dadosjusbr:/output --rm --env OUTPUT_FOLDER=""/output"" --env MONTH=""06"" --env YEAR=""2019"" ghcr.io/dadosjusbr/coletor-mpam:main",1
NA,2019,7,"docker run -i -v dadosjusbr:/output --rm --env MONTH=""07"" --env YEAR=""2019"" --env OUTPUT_FOLDER=""/output"" ghcr.io/dadosjusbr/coletor-mpam:main",1
NA,2019,8,"docker run -i -v dadosjusbr:/output --rm --env MONTH=""08"" --env YEAR=""2019"" --env OUTPUT_FOLDER=""/output"" ghcr.io/dadosjusbr/coletor-mpam:main",1
NA,2019,9,"docker run -i -v dadosjusbr:/output --rm --env MONTH=""09"" --env YEAR=""2019"" --env OUTPUT_FOLDER=""/output"" ghcr.io/dadosjusbr/coletor-mpam:main",1
NA,2019,10,"docker run -i -v dadosjusbr:/output --rm --env OUTPUT_FOLDER=""/output"" --env MONTH=""10"" --env YEAR=""2019"" ghcr.io/dadosjusbr/coletor-mpam:main",1
NA,2019,11,"docker run -i -v dadosjusbr:/output --rm --env MONTH=""11"" --env YEAR=""2019"" --env OUTPUT_FOLDER=""/output"" ghcr.io/dadosjusbr/coletor-mpam:main",1
NA,2019,12,"docker run -i -v dadosjusbr:/output --rm --env YEAR=""2019"" --env OUTPUT_FOLDER=""/output"" --env MONTH=""12"" ghcr.io/dadosjusbr/coletor-mpam:main",1
NA,2020,9,"docker run -i -v dadosjusbr:/output --rm --env OUTPUT_FOLDER=""/output"" --env MONTH=""09"" --env YEAR=""2020"" ghcr.io/dadosjusbr/coletor-mpse:main",1
NA,2020,9,"docker run -i -v dadosjusbr:/output --rm --env OUTPUT_FOLDER=""/output"" --env MONTH=""09"" --env YEAR=""2020"" ghcr.io/dadosjusbr/coletor-mpse:main",1
NA,2018,3,docker pull ghcr.io/dadosjusbr/armazenador:main,1
NA,2021,6,docker pull ghcr.io/dadosjusbr/armazenador:main,1
tjrn,2021,12,"docker run -i -v coleta_tjrn_2021:/home/danielfireman/repos/dadosjusbr/cnj-exec/tjrn_2021/output --rm --env TIME_BETWEEN_STEPS=""15s"" --env GENERAL_TIMEOUT=""8m"" --env OUTPUT_FOLDER=""/home/danielfireman/repos/dadosjusbr/cnj-exec/tjrn_2021/output"" --env MONTH=""12"" --env YEAR=""2021"" --env COURT=""TJRN"" --env AID=""TJRN"" --env DOWNLOAD_TIMEOUT=""20s"" ghcr.io/dadosjusbr/parser-cnj:main",4
